Data,Otwarcie,Najwyzszy,Najnizszy,Zamkniecie,Wolumen
2003-01-05,35.398908617006,35.87755347191,35.119908749361,35.797512526274,25826.004940836
2003-01-12,35.717700269054,35.797512526274,34.480038561104,34.878871158788,15746.985444466
2003-01-19,35.000304707739,35.717700269054,34.799058901568,35.398908617006,9533.0101631986
2003-01-26,35.398908617006,35.398908617006,34.27902144335,34.480038561104,7382.0010932634
2003-02-02,33.720793019642,33.999792887288,32.118601976424,32.200243740973,7866.0047357098
2003-02-09,32.200243740973,34.717417137019,32.118601976424,34.11939692891,7699.0039360266
2003-02-16,33.603018485349,35.398908617006,33.39994317185,35.398908617006,6905.9990347279
2003-02-23,35.277475068056,35.277475068056,34.27902144335,35.119908749361,19874.02753907
2003-03-02,35.000304707739,35.277475068056,33.999792887288,35.277475068056,9689.9918630801
2003-03-09,35.000304707739,35.398908617006,34.201267381875,35.000304707739,6578.0183770406
2003-03-16,34.27902144335,35.598324915848,34.27902144335,35.516683151299,11781.997811631
2003-03-23,35.516683151299,37.601178064079,34.799058901568,37.601178064079,45811.011656883
2003-03-30,38.198969583772,39.201310911552,36.281645903164,36.281645903164,48318.020097357
2003-04-06,36.481062202006,37.517478103785,36.12225007714,37.00132834864,10897.993988636
2003-04-13,37.280328216286,38.198969583772,36.600666243628,37.198457763321,20824.01414025
2003-04-20,37.401533076821,37.401533076821,35.598324915848,36.600666243628,43932.994084371
2003-04-27,36.481062202006,36.72027028525,35.398908617006,36.72027028525,21755.026610262
2003-05-04,36.72027028525,37.401533076821,36.600666243628,37.00132834864,40648.999713416
2003-05-11,37.280328216286,40.002635121577,37.280328216286,39.520559940431,283630.00093995
2003-05-18,40.197935028929,40.478993092319,38.597802181456,39.520559940431,50566.976139796
2003-05-25,39.600143509235,43.598074399549,38.876802049101,42.882279657146,227570.98834478
2003-06-01,42.882279657146,43.119658233061,41.39969265555,42.40203398333,18566.982766583
2003-06-08,42.40203398333,43.20129999761,41.802184267891,42.202846372904,6521.9756836731
2003-06-15,42.202846372904,42.202846372904,40.120180967454,40.99537153588,9296.0020888791
2003-06-22,40.718201175563,43.000054191439,40.602484837015,42.001600566733,16412.981662638
2003-06-29,42.001600566733,43.277453240172,41.118863280576,42.599620774843,14362.00556075
2003-07-06,42.599620774843,45.598869352034,42.481617552134,45.522944797888,74352.988061334
2003-07-13,45.598869352034,52.277485855907,45.522944797888,51.998485988262,94320.010967327
2003-07-20,52.402578419516,56.195604489001,51.603541093652,54.120714489698,49448.998417818
2003-07-27,54.120714489698,58.99017693378,54.120714489698,56.285021659697,77659.959989244
2003-08-03,56.195604489001,57.008134431415,53.526581984662,53.999280940747,15392.002733371
2003-08-10,54.794659251954,62.215369666081,52.201561301761,61.002406307071,74625.015575965
2003-08-17,63.003429947972,65.596299209749,61.192217692436,65.004224900458,127284.9774501
2003-08-24,65.402828809726,67.265038582053,62.796238242983,66.591322508213,73822.007377861
2003-08-31,66.410658659492,70.712516454806,65.719790954444,69.791816891575,64716.020519284
2003-09-07,70.995404025526,71.51567017216,65.085866665007,66.997473135212,35690.978116848
2003-09-14,66.070827673163,68.482118332553,66.070827673163,67.531003209981,14170.041294212
2003-09-21,67.531003209981,68.721097727381,65.004224900458,66.591322508213,17357.985052246
2003-09-28,65.514886133616,66.591322508213,56.11762173911,63.523238717775,9016.009863994
2003-10-05,62.492540026398,63.003429947972,58.122533083085,61.002406307071,26376.007164465
2003-10-12,61.002406307071,68.482118332553,61.002406307071,65.004224900458,46466.983507589
2003-10-19,65.004224900458,66.725791296882,63.874504124909,65.209358409702,8869.01565792
2003-10-26,65.719790954444,65.996961314761,61.995142721374,63.003429947972,46949.011775469
2003-11-02,61.596538812107,64.48007105075,60.86748014157,63.874504124909,35714.998671576
2003-11-09,63.997995869605,65.924924463689,61.596538812107,65.924924463689,24492.995845048
2003-11-16,64.48007105075,65.004224900458,61.995142721374,63.523238717775,10585.974357446
2003-11-23,61.995142721374,62.492540026398,57.999270026806,59.525536515877,37690.009769136
2003-11-30,58.479287012206,60.284782057339,56.884871375136,59.202857160756,16748.010456779
2003-12-07,59.525536515877,63.122805301178,59.124874410865,61.801443632935,33614.980603784
2003-12-14,61.801443632935,65.996961314761,61.801443632935,65.596299209749,40523.992743184
2003-12-21,66.997473135212,66.997473135212,64.590298867311,66.410658659492,21156.014026722
2003-12-28,67.077056704016,67.077056704016,65.514886133616,66.997473135212,11099.993157971
2004-01-04,67.59732285065,68.482118332553,65.996961314761,68.482118332553,19883.0036411
2004-01-11,68.482118332553,71.51567017216,68.482118332553,70.406988730892,50668.004696624
2004-01-18,70.406988730892,71.809763475268,69.203401596942,70.712516454806,10591.968960797
2004-01-25,69.203401596942,71.394007934793,69.081739359575,69.603835013539,16836.981327253
2004-02-01,71.194820324367,76.992300360996,70.004497118551,72.734122053157,54262.03278887
2004-02-08,72.734122053157,82.725518952699,72.734122053157,80.998006657457,64485.001780649
2004-02-15,81.99074307176,89.912738493985,80.998006657457,83.917671665844,30548.983302321
2004-02-22,82.998801609942,84.407522253137,79.086400187251,80.998006657457,164219.98325693
2004-02-29,81.793384968663,82.998801609942,78.002188406507,82.922877055796,17144.965926662
2004-03-07,82.922877055796,82.998801609942,78.002188406507,78.186511269886,13393.97193753
2004-03-14,80.003212047408,80.003212047408,75.99384673629,77.51256650763,15653.963739214
2004-03-21,76.992300360996,79.086400187251,76.593696451728,78.002188406507,14453.015017777
2004-03-28,77.603813185655,79.086400187251,75.916092674815,76.489185845569,20708.97886083
2004-04-04,75.190921707352,78.719812656238,75.190921707352,75.99384673629,75169.017928579
2004-04-11,75.99384673629,80.202399657834,75.99384673629,78.078112960653,26238.989916868
2004-04-18,78.399191496862,80.080966108883,78.186511269886,79.927058804846,26618.014253353
2004-04-25,79.927058804846,79.927058804846,78.186511269886,78.186511269886,22446.997687067
2004-05-02,78.476945558337,87.012054624134,78.476945558337,85.713561797501,42350.987707561
2004-05-09,87.505335537669,87.505335537669,83.505803828443,84.008918343869,26904.016884586
2004-05-16,83.39740551921,83.505803828443,76.274676111264,79.194341119652,25995.007453413
2004-05-23,79.010246944689,79.927058804846,77.51256650763,79.589286014262,9160.0120360571
2004-05-30,80.003212047408,84.988390830039,78.476945558337,84.988390830039,38657.985448035
2004-06-06,84.910408080147,84.988390830039,83.198217908784,83.505803828443,18552.006793537
2004-06-13,82.998801609942,84.988390830039,81.073931211603,83.917671665844,6056.9567077274
2004-06-20,84.910408080147,84.910408080147,82.203423298736,84.008918343869,19618.013727588
2004-06-27,83.505803828443,84.988390830039,83.505803828443,84.483446807283,3293.9660617658
2004-07-04,84.483446807283,86.465260621232,84.008918343869,85.713561797501,18634.993595991
2004-07-11,86.465260621232,87.012054624134,84.988390830039,86.072145233951,27199.011420846
2004-07-18,86.277278743195,86.909373525304,84.988390830039,85.278596430073,75736.013641146
2004-07-25,84.589786920771,85.278596430073,84.008918343869,84.589786920771,1378.9800126994
2004-08-01,84.008918343869,84.483446807283,81.793384968663,83.505803828443,23376.008444184
2004-08-08,83.718255367002,84.008918343869,81.593968669821,82.480364970636,4463.9777836592
2004-08-15,81.593968669821,82.998801609942,80.998006657457,82.480364970636,15929.00435852
2004-08-22,82.725518952699,83.811331552356,81.073931211603,82.801443506845,8186.0312184758
2004-08-29,82.998801609942,84.086672405344,82.480364970636,83.596821818052,11094.003822286
2004-09-05,82.083819257114,84.008918343869,81.793384968663,83.076784359833,13749.033663607
2004-09-12,84.008918343869,86.003767397536,82.404669104906,84.483446807283,45651.006316999
2004-09-19,83.596821818052,86.909373525304,83.596821818052,86.003767397536,33832.018958152
2004-09-26,86.003767397536,86.465260621232,84.483446807283,84.788974531197,1841.9972757513
2004-10-03,84.988390830039,86.396882784817,82.725518952699,85.278596430073,7586.0230461548
2004-10-10,88.992038930755,88.992038930755,84.008918343869,85.094730943526,7914.9887572928
2004-10-17,85.201071057014,85.610880698671,84.208105954295,84.988390830039,11815.00500372
2004-10-24,85.52763811521,86.003767397536,84.483446807283,84.988390830039,9043.0171850669
2004-10-31,84.483446807283,86.465260621232,84.086672405344,85.52763811521,19284.017395888
2004-11-07,86.003767397536,86.584864662854,84.988390830039,85.52763811521,10417.993771978
2004-11-14,84.483446807283,86.396882784817,84.483446807283,86.003767397536,2388.0171442539
2004-11-21,86.003767397536,88.992038930755,85.278596430073,88.92366109434,3603.9997830585
2004-11-28,88.804057052718,88.992038930755,84.988390830039,84.988390830039,24863.001938178
2004-12-05,85.201071057014,86.277278743195,81.99074307176,86.003767397536,23539.011085745
2004-12-12,85.094730943526,86.003767397536,83.505803828443,83.505803828443,13338.982777264
2004-12-19,82.480364970636,83.505803828443,80.003212047408,80.998006657457,30487.994271039
2004-12-26,80.493062634701,81.715630907188,79.545606526786,80.998006657457,8334.0104780002
2005-01-02,80.998006657457,81.99074307176,79.927058804846,81.394552370979,30611.015331374
2005-01-09,80.003212047408,80.202399657834,74.285315579584,74.99150540851,124185.99929487
2005-01-16,75.99384673629,75.99384673629,74.002428008864,74.99150540851,15542.974026905
2005-01-23,74.99150540851,74.99150540851,72.478219715538,74.082011577668,26308.986656173
2005-01-30,74.002428008864,75.526864990607,73.000086681085,74.913522658619,15616.989994995
2005-02-06,74.99150540851,77.803000796081,74.805353037802,76.931697930728,12573.996588817
2005-02-13,76.593696451728,79.545606526786,76.593696451728,78.078112960653,18206.995773254
2005-02-20,78.078112960653,78.596549599958,75.99384673629,77.282734649446,46139.03972356
2005-02-27,76.992300360996,78.002188406507,76.194863854044,76.931697930728,21573.02876687
2005-03-06,77.51256650763,77.51256650763,75.190921707352,75.190921707352,8264.0190063608
2005-03-13,75.595242827022,77.909340909569,75.526864990607,77.083547039021,6991.9831388574
2005-03-20,76.274676111264,76.992300360996,70.606176341318,70.805363951744,16498.981569765
2005-03-27,69.0039852981,75.726281289449,69.0039852981,74.99150540851,79398.984939594
2005-04-03,76.397939167544,79.010246944689,74.99150540851,79.010246944689,26518.987409419
2005-04-10,79.010246944689,80.003212047408,78.002188406507,79.010246944689,86451.978180395
2005-04-17,79.927058804846,83.076784359833,78.002188406507,80.080966108883,76898.998297247
2005-04-24,79.545606526786,88.002961531109,79.545606526786,86.191977963989,25464.000431616
2005-05-01,87.505335537669,91.006097811374,86.191977963989,91.006097811374,28421.004465998
2005-05-08,92.194591509862,95.070577030773,88.291566312231,91.258569822752,45879.99700441
2005-05-15,89.999868780521,91.006097811374,87.505335537669,87.505335537669,1930.0305017647
2005-05-22,89.795192648108,96.987900711381,85.094730943526,91.528193465337,47776.008922307
2005-05-29,92.466044659776,92.466044659776,88.992038930755,90.482401338498,20687.007427985
2005-06-05,89.999868780521,90.482401338498,88.002961531109,88.992038930755,72172.011242307
2005-06-12,90.482401338498,91.006097811374,89.060188078753,91.006097811374,14591.043657151
2005-06-19,91.997004718349,94.017009497787,89.999868780521,94.017009497787,23373.000607178
2005-06-26,91.708399937227,94.017009497787,90.482401338498,94.017009497787,3422.0072073323
2005-07-03,94.017009497787,106.00531364674,91.997004718349,103.99285558503,59970.017191852
2005-07-10,106.99233285064,107.50505227954,103.99285558503,106.99233285064,59785.996564901
2005-07-17,106.47984211015,112.00426817796,106.47984211015,109.00479091235,25695.998956035
2005-07-24,109.51728165283,118.00299402075,106.99233285064,113.50377812234,66955.00487091
2005-07-31,114.98430692819,118.00299402075,113.01026852039,115.99053595905,20720.01988774
2005-08-07,114.49102601466,127.00142581758,113.50377812234,127.00142581758,33666.019014917
2005-08-14,127.00142581758,133.98739955269,126.48893507709,130.47520285818,111259.98042298
2005-08-21,130.47520285818,133.98739955269,129.01342650245,130.00090308318,67576.025760953
2005-08-28,129.50716479282,132.46845109294,127.00142581758,131.00667473721,110121.99083973
2005-09-04,131.00667473721,134.99339989513,128.48195462343,129.01342650245,9075.0287883747
2005-09-11,129.01342650245,130.00090308318,127.5328976966,130.00090308318,4393.9810443541
2005-09-18,128.48195462343,133.98739955269,127.98844502148,133.98739955269,11061.017700859
2005-09-25,135.98064778745,144.99783203439,134.48090915464,138.99910619159,97695.030598305
2005-10-02,136.49313852793,140.99235442635,130.00090308318,138.01185829927,9808.0191765109
2005-10-09,144.4853412939,144.4853412939,129.50716479282,132.01290376806,12329.013268915
2005-10-16,132.01290376806,136.49313852793,132.01290376806,133.51287108928,26290.038863331
2005-10-23,132.01290376806,133.98739955269,130.00090308318,133.00015166038,34634.990282597
2005-10-30,131.00667473721,133.51287108928,130.00090308318,133.51287108928,9372.0303051941
2005-11-06,132.46845109294,140.02408767256,132.46845109294,134.99339989513,10169.992079738
2005-11-13,133.00015166038,144.01058414207,132.01290376806,143.51730322854,4081.993019157
2005-11-20,145.52930391341,155.98951206597,143.00458379964,144.99783203439,2714.0066243783
2005-11-27,144.99783203439,153.99626383121,144.99783203439,146.49757066719,6413.0140225865
2005-12-04,147.50379969805,153.99626383121,146.00406106524,150.48429582512,1439.9953823089
2005-12-11,150.48429582512,150.48429582512,147.01006140768,149.00353833085,28978.992470541
2005-12-18,150.00953867329,152.47754405987,147.50379969805,150.00953867329,1732.9987410057
2005-12-25,153.99626383121,153.99626383121,147.01006140768,152.00301559646,106226.02016041
2006-01-01,152.00301559646,158.02072257779,152.00301559646,155.98951206597,56323.991973347
2006-01-08,154.98328303511,169.01217392095,154.98328303511,165.00669631291,61912.000026662
2006-01-15,168.0059448901,169.99942181327,158.02072257779,167.51266397657,18881.989164118
2006-01-22,169.99942181327,208.00423493177,169.99942181327,195.00101159215,99138.023282291
2006-01-29,199.99373709251,200.99996612337,187.97707557996,189.97055250313,36353.013050556
2006-02-05,186.98982768765,199.99373709251,181.00985429497,183.53480309716,33156.003640178
2006-02-12,189.97055250313,197.98150771922,186.98982768765,192.00176301496,50592.018621633
2006-02-19,194.46953971313,196.02622176154,184.99657945289,193.00753466898,22887.990840619
2006-02-26,193.00753466898,215.0103332475,193.00753466898,208.00423493177,39230.996834614
2006-03-05,212.99741780897,242.97229457284,212.99741780897,217.99060068616,28557.005054152
2006-03-12,221.00883040189,227.99594757908,205.00544373141,216.98437165531,21721.008026394
2006-03-19,220.00420218995,294.00182774207,215.0103332475,279.9923753716,132703.02954337
2006-03-26,285.00293856842,314.99771122449,279.9923753716,301.51881597938,67024.980539556
2006-04-02,301.99448788487,304.02524101987,280.99631751829,288.96839570365,33005.000740652
2006-04-09,290.47087859744,298.9940958656,284.49067651635,291.53427973232,34251.994126317
2006-04-16,293.01389378451,293.52615583658,271.9997152288,275.52837748927,22444.980171176
2006-04-23,275.52837748927,280.99631751829,261.97401506684,266.0195131477,33427.994281155
2006-04-30,269.98725716709,279.9923753716,264.48272699149,266.98686514782,53997.037607693
2006-05-07,266.98686514782,275.00010724807,263.5313831805,269.98725716709,11791.000251989
2006-05-14,269.98725716709,288.96839570365,269.98725716709,279.9923753716,21853.990242209
2006-05-21,279.9923753716,280.99631751829,269.53216721905,276.99198335233,20424.013959702
2006-05-28,275.00010724807,277.52254047769,241.01700861516,249.99760271553,20787.988575823
2006-06-04,249.00966875796,249.00966875796,241.51097559394,248.00343972711,4447.0000977184
2006-06-11,251.98947881978,252.9979947348,242.00494257272,249.00966875796,34001.953847525
2006-06-18,244.47249058248,249.99760271553,225.526570062,232.00211125238,20570.01784466
2006-06-25,234.46965926213,241.01700861516,227.99594757908,236.50041239712,16647.95641807
2006-07-02,236.50041239712,255.99609986991,236.50041239712,249.99760271553,18602.033812891
2006-07-09,246.50324371747,276.99198335233,245.9909816654,270.48122414587,10479.03021225
2006-07-16,276.99198335233,283.99899642173,264.99498904356,269.98725716709,14245.005442094
2006-07-23,267.51742227318,278.47388428868,267.51742227318,271.50574825002,20602.00310964
2006-07-30,270.99348619795,297.02051483463,269.98725716709,294.98976169964,26782.028286692
2006-08-06,74.995507455792,76.252722023318,70.899697923386,72.802957266404,227261.92387395
2006-08-13,74.396915526642,74.800550581064,66.001763771499,66.798742901619,1939681.9817252
2006-08-20,66.001763771499,68.896387398324,63.501055941413,65.00525399833,30213.959775846
2006-08-27,65.00525399833,66.001763771499,60.102174357081,60.297131231809,194893.06749101
2006-09-03,60.401184461136,67.003419034031,60.202225539126,63.999024967477,237631.95555145
2006-09-10,64.900629047963,67.496814291773,63.89497173815,65.399169795068,45704.963014824
2006-09-17,65.399169795068,70.453183790945,63.999024967477,67.496814291773,94444.059222438
2006-09-24,67.40190859909,69.846016046192,67.003419034031,68.498469554304,61668.939404669
2006-10-01,68.498469554304,69.200542991741,66.903367851986,68.498469554304,73392.023645227
2006-10-08,69.300022452746,70.899697923386,68.996438580369,68.996438580369,164202.84754102
2006-10-15,69.048465195032,73.452432368137,68.996438580369,72.498801672987,151641.0245272
2006-10-22,73.500456935518,74.995507455792,72.000260925882,74.696497351737,245684.04583897
2006-10-29,75.897111536278,82.897263953192,75.603246921586,79.000985063837,252881.08866084
2006-11-05,79.997494837006,80.543488430452,75.498621971219,80.401129891428,244867.93695675
2006-11-12,81.601744075969,84.496939423833,81.601744075969,83.400378468619,313887.96679347
2006-11-19,84.496939423833,84.900574478255,77.852397493959,82.797212771147,95767.128233408
2006-11-26,82.854384875173,84.595847163798,82.000233641028,84.496939423833,205587.06059742
2006-12-03,84.595847163798,94.999454933365,84.002972445051,92.000206356174,379887.11688382
2006-12-10,94.496340417939,97.998703510557,92.992142361021,96.646583250348,218389.08915852
2006-12-17,97.002193737388,97.002193737388,93.10076935867,94.800496011356,193011.92092519
2006-12-24,94.999454933365,94.999454933365,84.496939423833,88.003876284773,193773.98355928
2006-12-31,90.500582067578,92.000206356174,87.804345641723,88.497271542516,62971.949145374
2007-01-07,88.497271542516,92.000206356174,88.497271542516,91.003696583005,87944.07604227
2007-01-14,90.90364540096,92.403269689556,89.000386057942,89.450902237665,263155.8809459
2007-01-21,89.697885727057,96.001110195897,89.498926805047,94.002945160196,271161.04686908
2007-01-28,94.999454933365,110.89844534189,93.053316512328,106.00108291104,339403.90640703
2007-02-04,114.99882864262,118.90940055798,110.70348846716,117.68991957911,394712.96146345
2007-02-11,117.68991957911,119.20326517267,102.49300260802,104.99942764851,1062150.0968596
2007-02-18,105.79640677863,109.60292546467,102.09908681128,103.2951272275,194362.06573688
2007-02-25,104.19730302903,112.90118414591,103.5038054072,109.69725943631,185120.95799029
2007-03-04,111.8046231907,111.8046231907,97.595068456135,101.60111778522,133886.92683155
2007-03-11,96.499079221961,110.29985341274,92.992142361021,108.49664525177,163218.02586782
2007-03-18,108.49664525177,110.19580018341,101.99960735028,108.99518599887,127211.06683532
2007-03-25,107.10164591354,113.1950487606,107.10164591354,113.1950487606,154587.01914067
2007-04-01,113.8027882264,114.40080843451,109.0992392282,113.8027882264,159747.89853605
2007-04-08,111.1968837249,113.99717338009,110.99792480289,111.595945011,39869.969928717
2007-04-15,111.50103931832,116.30406777752,111.50103931832,113.99717338009,286369.07111683
2007-04-22,113.99717338009,115.99533841579,110.00084330868,110.70348846716,156656.87455575
2007-04-29,111.99958006543,112.49812081253,107.20569914287,107.39608224927,121218.02271323
2007-05-06,108.99518599887,110.80353964921,107.20569914287,109.4983005143,66003.933130636
2007-05-13,109.4983005143,110.59943523783,101.90527337864,103.00126261281,114197.06741407
2007-05-20,102.19856627229,108.00324999402,101.90527337864,103.99777238598,361134.98620987
2007-05-27,104.99942764851,110.99792480289,102.09908681128,107.70423988997,506904.01756841
2007-06-03,108.19363310043,111.8955268361,104.89880474543,106.99759268421,596284.08029955
2007-06-10,108.00324999402,110.39990459478,104.99942764851,106.00108291104,243679.95196014
2007-06-17,108.00324999402,111.50103931832,106.99759268421,108.00324999402,131330.02306336
2007-06-24,109.79731061835,110.99792480289,108.10272945503,109.90193556872,40795.077345691
2007-07-01,109.79731061835,112.90118414591,108.00324999402,109.39424728497,58494.960227904
2007-07-08,109.79731061835,109.79731061835,103.69876228193,104.89880474543,133106.06916692
2007-07-15,104.99942764851,106.39900075506,99.797909624248,101.79550293891,275040.09253912
2007-07-22,103.00126261281,103.39975217787,96.001110195897,97.301203841443,165715.08895581
2007-07-29,97.49558899513,99.398276617107,91.098030554647,91.297561197697,332830.13376839
2007-08-05,91.349587812361,100.00144231458,90.002041320474,100.00144231458,98122.954673725
2007-08-12,99.000358773088,99.199317695098,86.499678227856,86.703782639227,45676.032995839
2007-08-19,90.002041320474,93.347752848061,76.006310254967,79.997494837006,58530.969989334
2007-08-26,82.944716799534,86.39962704581,75.094986916797,83.200847825569,405878.91632894
2007-09-02,85.797033069379,89.450902237665,82.797212771147,89.450902237665,113497.96391816
2007-09-09,89.000386057942,90.002041320474,84.496939423833,86.79868833191,36200.872335278
2007-09-16,83.799439754719,85.991418223067,83.001888903559,83.001888903559,69416.01078848
2007-09-23,84.002972445051,92.000206356174,82.000233641028,92.000206356174,222502.01917723
2007-09-30,92.000206356174,93.347752848061,87.505335537669,89.000386057942,34683.173619022
2007-10-07,88.003876284773,89.399447344042,84.847976142551,88.697373906606,25147.03446251
2007-10-14,89.797936909102,103.99777238598,88.098781977456,102.09908681128,294391.03035764
2007-10-21,103.20079325586,105.19838657052,99.797909624248,104.79989700546,566632.05400971
2007-10-28,100.59431703333,103.2951272275,100.40050360068,102.09908681128,239238.00355365
2007-11-04,103.10588756318,104.99942764851,95.046907779707,95.198413855375,350055.04178683
2007-11-11,94.999454933365,99.000358773088,82.000233641028,84.102451906055,243508.03642854
2007-11-18,83.799439754719,83.799439754719,67.79982644311,73.799467039573,169603.02644522
2007-11-25,72.100312107927,76.998246259814,69.9980938429,75.792486585911,465670.10154437
2007-12-02,76.006310254967,76.998246259814,71.397666949451,74.995507455792,215904.09955989
2007-12-09,74.995507455792,79.902589144323,74.002999729905,76.404799820027,427375.98535915
2007-12-16,76.404799820027,78.004475290668,73.799467039573,76.998246259814,325327.98776015
2007-12-23,76.006310254967,77.045699106156,72.498801672987,76.006310254967,221649.07877775
2007-12-30,76.49970551271,79.997494837006,76.49970551271,79.703058501273,136453.01740839
2008-01-06,7.9703058501273,8.1895608690661,7.5094986916797,7.649970551271,326147.51008964
2008-01-13,7.6798715616764,7.7396164103834,6.2000859931777,6.2000859931777,2144652.0511967
2008-01-20,6.149774541635,6.1801329288727,5.5001050547487,6.0002694896076,2542521.5663993
2008-01-27,5.8000527813094,6.5897138821132,5.3301724099529,6.1905382518054,2573836.3629136
2008-02-03,6.0904298976563,6.79999288072,5.9898641666749,6.79999288072,1872791.2054999
2008-02-10,6.79999288072,6.9200542991741,6.0999776390286,6.3501055941413,1022424.5873898
2008-02-17,6.3401004759368,6.9400073634791,6.2698931321931,6.79999288072,949964.89839866
2008-02-24,6.779982644311,6.979799147881,6.7003419034031,6.8403563861622,605063.02414489
2008-03-02,6.8802053426681,6.9200542991741,6.6798742901619,6.7003419034031,911153.58174295
2008-03-09,6.6295628386192,6.8701430523596,5.9395527151323,6.3097420886991,599704.96549413
2008-03-16,6.2997369704946,6.6903367851986,6.0999776390286,6.0999776390286,707731.93201296
2008-03-23,6.0002694896076,6.4800577865918,5.8997037586263,6.4800577865918,802212.99131792
2008-03-30,6.4696524636591,6.5702181946404,6.2897890243941,6.3799494324427,1034985.6518598
2008-04-06,6.3501055941413,7.1901353185918,6.3501055941413,7.0500636637287,1215373.4859648
2008-04-13,7.0301677715277,7.0401157176282,6.3301525298363,6.5897138821132,346462.57819124
2008-04-20,6.5702181946404,6.9504126864118,6.2000859931777,6.2802984551258,394757.79983226
2008-04-27,6.2997369704946,6.4800577865918,6.0202225539126,6.4098504428482,523652.72862471
2008-05-04,6.4502139482904,6.7003419034031,6.3799494324427,6.6599783979609,671822.46693374
2008-05-11,6.6694689672292,7.2802957266404,6.6001763771499,6.8996438580369,766074.90955555
2008-05-18,6.79999288072,6.9898042660855,6.3501055941413,6.4800577865918,1104600.1693554
2008-05-25,6.4502139482904,6.99980938429,6.2802984551258,6.4402660021899,297151.53993315
2008-06-01,6.4502139482904,6.5399169795068,6.2195245085464,6.4502139482904,648424.12885545
2008-06-08,6.3999024967477,6.500525399833,6.2499400678881,6.3799494324427,1824317.726058
2008-06-15,6.2403923265158,6.2997369704946,5.5499019573551,5.6001905400562,200117.5592151
2008-06-22,5.6894247600196,5.6894247600196,4.5499332718925,4.6101983867461,559358.86181523
2008-06-29,4.6101983867461,4.6994268894991,3.9799388291765,4.1299126924569,347386.31601518
2008-07-06,4.1000173992618,4.3501224855329,3.6799968198262,3.6799968198262,1198417.2920994
2008-07-13,3.7801394772377,3.8897669867071,3.6102297012835,3.7004072609634,1258075.7110733
2008-07-20,3.7502384668322,3.7502384668322,3.2500225770796,3.5594494384878,480214.29458446
2008-07-27,3.5304974850092,3.8707858481705,3.3895453797441,3.6002646035518,1928753.1982317
2008-08-03,3.6002646035518,4.0696361431825,3.5006021918141,3.9196679971125,1502656.5813304
2008-08-10,3.9600029165027,4.3197526638744,3.9196679971125,4.080081486588,2256722.2670548
2008-08-17,4.1598137028624,4.4198896040755,4.1598137028624,4.2998167512006,812907.82725084
2008-08-24,4.2903261819324,4.3999594086122,4.0402153784509,4.2001486222525,1245094.4976022
2008-08-31,4.1598137028624,4.5499332718925,4.1299126924569,4.4996218203499,695622.62253716
2008-09-07,4.5499332718925,5.0197736227762,4.5394822112766,4.800044075374,1247122.5488238
2008-09-14,4.7492638125784,4.9894038011178,4.4298547018072,4.4996218203499,669768.92021107
2008-09-21,4.4697265271548,4.6197003904352,3.8100347704327,4.4502651429444,2135612.1050606
2008-09-28,4.7098665156942,4.7098665156942,4.1000173992618,4.2998167512006,5457985.6333921
2008-10-05,4.3097818489323,4.3097818489323,3.5494843407561,3.6899619175578,1344704.5774616
2008-10-12,3.6396561832256,3.6396561832256,2.7502697813696,2.830001997644,1341408.0723851
2008-10-19,2.9700050459822,2.9700050459822,2.3504252374447,2.4000163204766,561526.40081955
2008-10-26,2.5001589778881,2.830001997644,2.2201014263179,2.3400256317224,5050262.0016719
2008-11-02,2.2999251179587,2.5105986040832,2.1500941849384,2.4598183412876,2518623.2215108
2008-11-09,2.4802287824248,2.6197573022996,2.2201014263179,2.249996719513,1794313.3140162
2008-11-16,2.2999251179587,2.3598643518193,1.9099484791886,2.049768576794,735499.48257238
2008-11-23,2.0000803011852,2.1402720174668,1.6302339602426,1.7100061969897,1037218.5099165
2008-11-30,1.7798705081092,2.3197638380557,1.6202174076172,2.2000740382777,11739487.540253
2008-12-07,2.249996719513,2.4702579674827,2.0398492167455,2.3900512227449,2468278.0351597
2008-12-14,2.4802287824248,2.639687497763,2.0899205454513,2.1197243632799,5514880.0029193
2008-12-21,2.1898230800259,2.3697837118678,2.1002229585967,2.2999251179587,4717284.8578944
2008-12-28,2.2999251179587,2.3400256317224,2.1697042166192,2.1898230800259,586787.80683564
2009-01-04,2.1500941849384,2.249996719513,2.1002229585967,2.1500941849384,209427.20982532
2009-01-11,2.249996719513,2.4000163204766,2.1101880563284,2.1101880563284,1366272.7178349
2009-01-18,2.0601167276227,2.0799554477196,1.7798705081092,1.9099484791886,1345284.0206678
2009-01-25,1.9500547101627,2.0200104966486,1.8400956024899,1.9301759695929,1193247.8158739
2009-02-01,1.9400953296414,2.0398492167455,1.7200684872982,1.9400953296414,3288342.9341864
2009-02-08,1.8998461684072,2.0899205454513,1.8797730426838,2.0601167276227,912496.20432827
2009-02-15,2.1002229585967,2.3697837118678,2.1002229585967,2.1697042166192,1338735.8910248
2009-02-22,2.2000740382777,2.2000740382777,1.9099484791886,1.9798585279913,1041329.6067876
2009-03-01,2.049768576794,2.1402720174668,1.9599797874215,2.0601167276227,2906007.9752813
2009-03-08,2.0096680630303,2.249996719513,1.9699448851532,2.2000740382777,1256832.9634261
2009-03-15,2.2201014263179,2.2895826843405,2.1197243632799,2.1697042166192,941575.61430645
2009-03-22,2.1898230800259,2.2401802692518,2.1599220696204,2.2000740382777,604923.95777543
2009-03-29,2.2201014263179,2.8001067044489,2.2201014263179,2.5400250860253,1337169.287302
2009-04-05,2.5001589778881,2.8399670953756,2.3697837118678,2.6994838013635,877659.86806688
2009-04-12,2.7398244379641,3.1498799196681,2.6297281172417,3.1299440069943,2930658.964218
2009-04-19,3.0995684681254,3.330223604607,2.7398244379641,2.8100660849702,3423551.68686
2009-04-26,2.8001067044489,2.9500748505189,2.6501328411685,2.8997633989762,867698.29117307
2009-05-03,2.8798332035128,2.9401097527872,2.6994838013635,2.9401097527872,976316.92188203
2009-05-10,2.989940958656,3.1199731920522,2.8200311827019,3.0103456825828,4135370.9058959
2009-05-17,3.05021179072,3.180255458537,2.9401097527872,3.0701419861834,2184795.4551067
2009-05-24,3.0397721645249,3.2395715164637,2.9500748505189,2.9999117735981,1135381.0352935
2009-05-31,3.0597080771987,3.0597080771987,2.8100660849702,2.9401097527872,1197831.7384013
2009-06-07,2.9500748505189,3.0597080771987,2.8798332035128,3.05021179072,1034485.0129297
2009-06-14,3.0397721645249,3.1299440069943,2.9600399482506,3.0995684681254,627761.60553674
2009-06-21,3.0597080771987,3.0701419861834,2.8902785469183,2.8997633989762,657140.00820931
2009-06-28,2.8902785469183,2.8902785469183,2.6197573022996,2.7502697813696,302502.22385221
2009-07-05,2.770199976833,2.9500748505189,2.6501328411685,2.8504124387812,1336528.7391758
2009-07-12,2.8902785469183,2.8902785469183,2.6600922216898,2.6705375650953,1329770.3243257
2009-07-19,2.6501328411685,2.9799758609243,2.549990183757,2.8902785469183,2099988.9902785
2009-07-26,2.9201738401134,3.1498799196681,2.8997633989762,3.1498799196681,2800276.4466853
2009-08-02,3.139909104726,3.6799968198262,3.139909104726,3.6102297012835,3444475.9078012
2009-08-09,3.6899619175578,4.3501224855329,3.3995161946862,4.2998167512006,2666052.958169
2009-08-16,4.4697265271548,4.7492638125784,4.1099767797831,4.4398197995389,3915920.3821371
2009-08-23,4.2798865557373,4.8902102006331,4.1199475947252,4.6101983867461,1280301.0453957
2009-08-30,4.8394299378374,4.9495376929806,4.5997644777614,4.9006555440386,1909508.0983486
2009-09-06,4.9006555440386,4.9803820431025,4.1099767797831,4.6600295926149,641673.29944365
2009-09-13,4.6904108486942,4.7596977215631,4.1901835245208,4.3197526638744,1110436.1106213
2009-09-20,4.2998167512006,4.9196423997855,4.0402153784509,4.9196423997855,450622.02469219
2009-09-27,4.9006555440386,4.9006555440386,4.5095869180816,4.5902681912827,266888.16945482
2009-10-04,4.4996218203499,4.6904108486942,3.8897669867071,3.8897669867071,1820630.5709072
2009-10-11,3.9998747418503,4.2395402019263,3.8000753899115,4.080081486588,1173313.0732222
2009-10-18,4.1199475947252,4.1901835245208,3.8707858481705,3.8707858481705,989790.76743173
2009-10-25,4.0202851829875,4.5394822112766,3.9505180644448,4.3999594086122,1596782.59998
2009-11-01,4.4801661533499,4.4801661533499,4.080081486588,4.1901835245208,1138961.783601
2009-11-08,4.2001486222525,4.4502651429444,4.0696361431825,4.3501224855329,565161.09002186
2009-11-15,4.3501224855329,4.4502651429444,4.230049632658,4.4502651429444,104885.96292817
2009-11-22,4.4996218203499,4.5200322614871,3.9699737314448,4.1099767797831,738592.02364034
2009-11-29,4.140352318652,4.3999594086122,3.9998747418503,4.1000173992618,311257.29463748
2009-12-06,4.1199475947252,4.3999594086122,4.1199475947252,4.3800234959384,1085203.5714122
2009-12-13,4.3899885936701,4.4502651429444,4.2395402019263,4.3501224855329,1398053.1759802
2009-12-20,4.3501224855329,4.3501224855329,4.1299126924569,4.230049632658,317862.31506792
2009-12-27,4.1598137028624,4.2694412123318,4.0895663386459,4.0895663386459,987891.24724859
2010-01-03,4.230049632658,4.2798865557373,4.0895663386459,4.1697845178044,404767.20712891
2010-01-10,4.1598137028624,4.3501224855329,4.1598137028624,4.230049632658,432760.84589203
2010-01-17,4.2694412123318,4.2694412123318,4.140352318652,4.2499855453318,122581.52632466
2010-01-24,4.2998167512006,4.3700583982067,4.1199475947252,4.1901835245208,316107.12891978
2010-01-31,4.140352318652,4.1901835245208,3.7198572107529,3.8798018889754,665975.9903368
2010-02-07,3.8798018889754,4.080081486588,3.5803344080884,3.7502384668322,240515.91813585
2010-02-14,3.710372358695,3.9101717106339,3.6002646035518,3.8798018889754,716199.38826136
2010-02-21,3.8997378016492,4.1199475947252,3.8997378016492,3.9699737314448,828548.15827171
2010-02-28,4.0501804761826,4.0501804761826,3.8100347704327,3.859871693512,97087.289493014
2010-03-07,3.9296388120546,4.1697845178044,3.8394612523748,4.1498486051307,1676805.1816981
2010-03-14,4.2101194371946,4.3396828593378,4.1000173992618,4.3097818489323,1479057.8612561
2010-03-21,4.3396828593378,4.5902681912827,4.2205590633897,4.5793540366242,956731.74151359
2010-03-28,4.5499332718925,4.5499332718925,4.2599506430635,4.3097818489323,347934.99605477
2010-04-04,4.3501224855329,4.5499332718925,4.3197526638744,4.5200322614871,907938.83083512
2010-04-11,4.5304661704718,4.8493950355691,4.5095869180816,4.6505447405571,812630.11592513
2010-04-18,4.6505447405571,4.800044075374,4.5304661704718,4.7492638125784,983835.35551205
2010-04-25,4.5793540366242,4.6301342994199,4.3097818489323,4.3999594086122,629144.47308659
2010-05-02,4.3999594086122,4.5703379958193,4.3297177616061,4.5703379958193,2199261.7288386
2010-05-09,4.5902681912827,4.5902681912827,3.9505180644448,3.9505180644448,1725688.2748101
2010-05-16,4.1498486051307,4.3501224855329,3.9998747418503,4.3501224855329,1804242.2313838
2010-05-23,4.2903261819324,4.4502651429444,4.1000173992618,4.1000173992618,578594.90131365
2010-05-30,4.1802184267891,4.3999594086122,4.0202851829875,4.3899885936701,666791.84637109
2010-06-06,4.3899885936701,4.5499332718925,4.2499855453318,4.3097818489323,349650.35865164
2010-06-13,4.2499855453318,4.5598983696242,4.1000173992618,4.3700583982067,425277.60026767
2010-06-20,4.3700583982067,4.3700583982067,4.2499855453318,4.2499855453318,300409.27499153
2010-06-27,4.3396828593378,4.4298547018072,4.2205590633897,4.2998167512006,246841.96300087
2010-07-04,4.3097818489323,4.3999594086122,4.1199475947252,4.2395402019263,760673.02392773
2010-07-11,4.2499855453318,4.3396828593378,4.1299126924569,4.2798865557373,325357.36026303
2010-07-18,4.2599506430635,4.5598983696242,4.2001486222525,4.3899885936701,1346207.9691983
2010-07-25,4.3197526638744,4.4398197995389,4.2694412123318,4.3800234959384,599879.0091626
2010-08-01,4.3899885936701,4.7492638125784,4.3899885936701,4.7492638125784,5282194.7856247
2010-08-08,4.7492638125784,4.800044075374,4.5793540366242,4.6505447405571,5253431.8569905
2010-08-15,4.5793540366242,4.7492638125784,4.5598983696242,4.5598983696242,5470160.26192
2010-08-22,4.5793540366242,4.6994268894991,4.5200322614871,4.6301342994199,328722.76640447
2010-08-29,4.6904108486942,4.6904108486942,4.5200322614871,4.6101983867461,346084.78122083
2010-09-05,4.6400993971516,4.6400993971516,4.4502651429444,4.5793540366242,1114998.1196601
2010-09-12,4.5793540366242,4.9803820431025,4.5598983696242,4.9704226625812,2114160.4854484
2010-09-19,5.0999746503036,5.2504230420474,4.8603091902276,4.8698054767063,2162914.8368155
2010-09-26,4.9096715848434,5.2599250457364,4.6505447405571,5.2599250457364,352399.2372217
2010-10-03,5.2798495239894,5.3002885511786,5.0501491616451,5.3002885511786,212919.03993899
2010-10-10,5.2798495239894,5.3899458447118,5.1094766539927,5.359598891895,3353853.3081294
2010-10-17,5.359598891895,5.4302921985228,5.1502918190566,5.2001058732943,2556751.4273032
2010-10-24,5.1797240182091,5.2504230420474,4.9096715848434,4.9998434273129,369241.86021872
2010-10-31,4.9998434273129,5.3002885511786,4.9998434273129,5.3002885511786,4302502.9758033
2010-11-07,5.3002885511786,5.3500968882059,5.0601142593768,5.2504230420474,455457.10951105
2010-11-14,5.2504230420474,5.3500968882059,5.1403324385354,5.3401375076846,166107.40361238
2010-11-21,5.3202130294316,5.449765017154,5.0900152697823,5.1502918190566,509067.61635893
2010-11-28,5.0601142593768,5.359598891895,5.0197736227762,5.1403324385354,381708.10670951
2010-12-05,5.0900152697823,5.1094766539927,4.6101983867461,5.0297387205079,2408210.423929
2010-12-12,5.0501491616451,5.1797240182091,5.0297387205079,5.1602511995779,547231.85298331
2010-12-19,5.1797240182091,5.1797240182091,4.9704226625812,5.0999746503036,463657.81117799
2010-12-26,5.1094766539927,5.1094766539927,4.8493950355691,4.8493950355691,256101.88684867
2011-01-02,4.8603091902276,4.9998434273129,4.800044075374,4.800044075374,545732.675379
2011-01-09,4.8394299378374,5.0297387205079,4.7801081627002,4.8493950355691,1047114.3463447
2011-01-16,4.8493950355691,4.8493950355691,4.6505447405571,4.6505447405571,364513.6036564
2011-01-23,4.6400993971516,4.6994268894991,4.5499332718925,4.5902681912827,265181.65653599
2011-01-30,4.5703379958193,4.6301342994199,4.3297177616061,4.4502651429444,233837.15038826
2011-02-06,4.4198896040755,4.5703379958193,4.2499855453318,4.2499855453318,635537.10124367
2011-02-13,4.3297177616061,4.4996218203499,4.2998167512006,4.3800234959384,394033.39047125
2011-02-20,4.3999594086122,4.6400993971516,4.3999594086122,4.5997644777614,331963.43422659
2011-02-27,4.5598983696242,4.8204487993008,4.5499332718925,4.8204487993008,225425.10998105
2011-03-06,4.8394299378374,5.0197736227762,4.8299393685691,4.9803820431025,371882.43558589
2011-03-13,4.9300763087702,5.0197736227762,4.8493950355691,4.9495376929806,1038554.8113032
2011-03-20,4.9006555440386,4.9894038011178,4.8204487993008,4.8299393685691,482024.89657378
2011-03-27,4.879770574438,4.9803820431025,4.8204487993008,4.9599716019653,559530.37700425
2011-04-03,4.9006555440386,4.9495376929806,4.8493950355691,4.9300763087702,202137.3928785
2011-04-10,4.9400471237123,5.3899458447118,4.8698054767063,5.0999746503036,1075696.2779921
2011-04-17,5.1502918190566,5.2504230420474,5.0501491616451,5.1702162973096,635019.81649052
2011-04-24,5.1702162973096,5.1702162973096,5.0197736227762,5.1602511995779,238162.53589233
2011-05-01,5.1702162973096,5.1702162973096,4.9998434273129,5.0601142593768,1074242.8237244
2011-05-08,5.0696105458555,5.2504230420474,5.0601142593768,5.1403324385354,1279170.8150837
2011-05-15,5.1702162973096,5.1702162973096,4.9400471237123,4.9400471237123,187949.88400545
2011-05-22,4.9894038011178,5.4302921985228,4.9096715848434,5.4302921985228,1060075.1212736
2011-05-29,5.3500968882059,5.6001905400562,5.210070971026,5.2698901434681,1348297.5467531
2011-06-05,5.3202130294316,5.3799807469801,5.1797240182091,5.3002885511786,1329888.5307398
2011-06-12,5.2898146217211,5.3799807469801,5.1094766539927,5.2898146217211,101167.2017843
2011-06-19,5.2504230420474,5.5294514957451,5.2300411869622,5.3002885511786,542411.30692124
2011-06-26,5.1403324385354,5.4302921985228,5.1403324385354,5.3500968882059,1711543.7500876
2011-07-03,5.2200760892305,5.3002885511786,4.9400471237123,4.9495376929806,545854.4638056
2011-07-10,4.9803820431025,5.4203385352119,4.9704226625812,5.0900152697823,266172.18835861
2011-07-17,5.0501491616451,5.0900152697823,4.4996218203499,4.8493950355691,850528.01938129
2011-07-24,4.8902102006331,4.9495376929806,4.5703379958193,4.6197003904352,815298.08315294
2011-07-31,4.6505447405571,4.8493950355691,4.4198896040755,4.5703379958193,341302.58376366
2011-08-07,4.6400993971516,4.6994268894991,3.509618232619,3.8000753899115,545850.88179305
2011-08-14,3.7597290361005,3.9400727210393,3.1100138115309,3.6595920958994,4487320.0737763
2011-08-21,3.7004072609634,3.729828025695,3.1702846435949,3.2898829680064,661717.82024465
2011-08-28,3.2500225770796,3.5200578588141,3.2500225770796,3.4104303493447,557180.99818651
2011-09-04,3.490162565619,3.8000753899115,3.4792484109605,3.6501015266311,289924.09214597
2011-09-11,3.5494843407561,3.6301656139573,3.3098188806802,3.4398511140763,1330999.5867493
2011-09-18,3.3003225942015,3.6002646035518,3.1598450173998,3.6002646035518,1394043.4289936
2011-09-25,3.5494843407561,3.7198572107529,3.4104303493447,3.6595920958994,1692182.1294434
2011-10-02,3.6595920958994,3.7004072609634,3.490162565619,3.6202005162256,422991.43343605
2011-10-09,3.6002646035518,3.6002646035518,3.3705699584179,3.509618232619,1166954.7902442
2011-10-16,3.5494843407561,3.9296388120546,3.5404625827409,3.7801394772377,1168216.2907807
2011-10-23,3.7801394772377,3.8499065957803,3.5006021918141,3.729828025695,1425682.0815834
2011-10-30,3.7004072609634,3.7801394772377,3.6202005162256,3.7402733691005,162020.53800262
2011-11-06,3.7004072609634,3.7402733691005,3.509618232619,3.509618232619,818320.88032953
2011-11-13,3.5404625827409,3.6396561832256,3.3401887023386,3.4502964574819,7950535.5962784
2011-11-20,3.4602615552135,3.5200578588141,3.3401887023386,3.4398511140763,8490821.0841063
2011-11-27,3.360118897802,3.4792484109605,3.1498799196681,3.2500225770796,1273859.5333027
2011-12-04,3.2300866644058,3.5006021918141,3.2300866644058,3.4602615552135,337635.02432856
2011-12-11,3.4792484109605,3.4792484109605,3.2395715164637,3.360118897802,652520.05484988
2011-12-18,3.3705699584179,3.3995161946862,3.1498799196681,3.1902205562687,353318.97161985
2011-12-25,3.0796439898724,3.1997111255369,2.9999117735981,3.1702846435949,1056643.5532534
2012-01-01,3.1997111255369,3.3995161946862,3.0900778988571,3.2898829680064,367706.01966243
2012-01-08,3.3496849888173,3.3995161946862,3.2803923987381,3.3995161946862,1030418.5858621
2012-01-15,3.4298860163447,3.5594494384878,3.3003225942015,3.4602615552135,228765.44203465
2012-01-22,3.4602615552135,3.859871693512,3.4602615552135,3.7502384668322,787216.57972909
2012-01-29,3.7905733862224,4.1299126924569,3.710372358695,3.9899039269082,737586.74235429
2012-02-05,3.9799388291765,3.9899039269082,3.859871693512,3.9400727210393,480595.25215419
2012-02-12,3.8394612523748,3.9799388291765,3.8394612523748,3.8707858481705,513452.8425432
2012-02-19,3.859871693512,4.2001486222525,3.819525339701,4.2001486222525,174005.10915913
2012-02-26,4.1000173992618,4.1901835245208,3.9296388120546,4.0202851829875,559553.97614574
2012-03-04,4.0202851829875,4.1802184267891,3.9101717106339,3.9998747418503,207999.67247194
2012-03-11,4.0895663386459,4.1498486051307,3.6396561832256,4.1000173992618,1019836.4779712
2012-03-18,4.0302502807192,4.1802184267891,3.9998747418503,4.1802184267891,513661.02068418
2012-03-25,4.1802184267891,4.4502651429444,4.0202851829875,4.2998167512006,690379.60970113
2012-04-01,4.3899885936701,4.3999594086122,4.2001486222525,4.2998167512006,377321.61628552
2012-04-08,4.3600875832646,4.3600875832646,4.1802184267891,4.2798865557373,70073.647221486
2012-04-15,4.2694412123318,4.2694412123318,3.9505180644448,4.0601455739142,364878.54752297
2012-04-22,4.0501804761826,4.0696361431825,3.9699737314448,4.0302502807192,203111.06817148
2012-04-29,4.0302502807192,4.0302502807192,3.819525339701,3.8707858481705,322961.83669544
2012-05-06,3.9899039269082,3.9899039269082,3.770174379506,3.8499065957803,240680.90141965
2012-05-13,3.8499065957803,3.8499065957803,3.7502384668322,3.7597290361005,52873.45508961
2012-05-20,3.7198572107529,3.9699737314448,3.7198572107529,3.8100347704327,3903115.1086939
2012-05-27,3.8100347704327,3.8100347704327,3.6396561832256,3.7402733691005,60547.179498852
2012-06-03,3.6501015266311,3.7502384668322,3.5494843407561,3.6002646035518,294316.27164872
2012-06-10,3.5594494384878,3.7402733691005,3.3496849888173,3.7004072609634,127546.82783496
2012-06-17,3.7004072609634,3.9505180644448,3.6595920958994,3.8000753899115,497840.32479623
2012-06-24,3.819525339701,3.8499065957803,3.6501015266311,3.710372358695,360264.70465553
2012-07-01,3.6501015266311,3.8000753899115,3.5006021918141,3.6202005162256,346868.3991422
2012-07-08,3.6102297012835,3.6899619175578,3.509618232619,3.6899619175578,219915.76397682
2012-07-15,3.6799968198262,3.8000753899115,3.6002646035518,3.8000753899115,41541.020923319
2012-07-22,3.8000753899115,3.8707858481705,3.5494843407561,3.6202005162256,57001.197783727
2012-07-29,3.6501015266311,3.6501015266311,3.3995161946862,3.5902937886097,99999.465693903
2012-08-05,3.5803344080884,3.7004072609634,3.4298860163447,3.6202005162256,399639.24010764
2012-08-12,3.6799968198262,3.710372358695,3.5304974850092,3.5404625827409,85405.503750059
2012-08-19,3.5404625827409,3.6202005162256,3.509618232619,3.5200578588141,23096.816904456
2012-08-26,3.5494843407561,3.710372358695,3.4692775960184,3.6002646035518,156116.53849833
2012-09-02,3.5803344080884,3.7801394772377,3.5404625827409,3.7801394772377,360888.39625198
2012-09-09,3.7905733862224,3.7905733862224,3.6202005162256,3.7801394772377,385850.80957369
2012-09-16,3.7905733862224,4.2001486222525,3.7905733862224,4.2001486222525,1528554.1106336
2012-09-23,4.1901835245208,4.4502651429444,4.1199475947252,4.2001486222525,1721464.0284838
2012-09-30,4.3396828593378,4.3899885936701,4.1000173992618,4.3899885936701,743056.68622051
2012-10-07,4.3999594086122,4.6505447405571,4.2101194371946,4.5997644777614,2753694.2698682
2012-10-14,4.5997644777614,4.6994268894991,4.3800234959384,4.6400993971516,2341935.606367
2012-10-21,4.4996218203499,4.8603091902276,4.4996218203499,4.6505447405571,250618.0363455
2012-10-28,4.6505447405571,4.8104779843587,4.5499332718925,4.6994268894991,993121.40698078
2012-11-04,4.6994268894991,4.8698054767063,4.6301342994199,4.6600295926149,106530.94951382
2012-11-11,4.8299393685691,4.8394299378374,4.6904108486942,4.8204487993008,138918.03201942
2012-11-18,4.6994268894991,4.9599716019653,4.6994268894991,4.8902102006331,204598.86761828
2012-11-25,4.7900732604319,4.9894038011178,4.7492638125784,4.9894038011178,27247.315913579
2012-12-02,4.9894038011178,5.3401375076846,4.9006555440386,5.3401375076846,422561.80263701
2012-12-09,5.2898146217211,5.5703009640715,4.9998434273129,5.1896833987304,431145.77964649
2012-12-16,5.0397038182396,5.3799807469801,5.0397038182396,5.2798495239894,543981.28195002
2012-12-23,5.210070971026,5.3500968882059,5.1198991285566,5.3002885511786,3740679.4786491
2012-12-30,5.2504230420474,5.3002885511786,5.0501491616451,5.0501491616451,570821.93408619
2013-01-06,5.1198991285566,5.2599250457364,4.7596977215631,5.0601142593768,671450.14833544
2013-01-13,5.210070971026,5.2300411869622,5.0197736227762,5.0999746503036,1668370.3849758
2013-01-20,5.1303673408037,5.3799807469801,5.0197736227762,5.359598891895,1866411.6411533
2013-01-27,5.3799807469801,5.8997037586263,5.3799807469801,5.7800997170044,935731.03406914
2013-02-03,5.6998986894771,5.7800997170044,5.2200760892305,5.4896368425016,448022.32640938
2013-02-10,5.5001050547487,5.5195264184862,5.2599250457364,5.5001050547487,662892.50965352
2013-02-17,5.5195264184862,5.8398445657114,5.5001050547487,5.6400623654037,511838.1977109
2013-02-24,5.6894247600196,5.7895902862727,5.3500968882059,5.5001050547487,321098.97946427
2013-03-03,5.5001050547487,5.8997037586263,5.3899458447118,5.4896368425016,247083.64349448
2013-03-10,5.7202976961935,6.0999776390286,5.7202976961935,5.8000527813094,300227.4351781
2013-03-17,5.890213189358,6.0999776390286,5.8299537917149,5.8797506943213,144449.5022188
2013-03-24,5.9096517047268,5.9898641666749,5.750198706599,5.8099435553059,147008.32341724
2013-03-31,5.8199486735104,5.9096517047268,5.6296456080502,5.8503070607481,534460.50330615
2013-04-07,5.8503070607481,5.949958038065,5.7202976961935,5.8299537917149,330732.90756331
2013-04-14,5.7401935883944,6.2000859931777,5.7401935883944,6.1602370366717,273533.22414315
2013-04-21,6.149774541635,6.149774541635,5.5105218121022,5.6998986894771,303141.08632533
2013-04-28,5.6400623654037,5.9201141997635,5.2599250457364,5.6495586518824,704109.25308801
2013-05-05,5.5499019573551,5.7297882654618,5.5294514957451,5.6001905400562,581738.64409039
2013-05-12,5.6998986894771,6.149774541635,5.6001905400562,6.0002694896076,154290.76563235
2013-05-19,5.9898641666749,6.500525399833,5.949958038065,6.4601618943909,587274.96054204
2013-05-26,6.549350376671,6.6504878286926,6.0202225539126,6.4402660021899,460632.48552193
2013-06-02,6.4402660021899,6.6001763771499,6.2095765624459,6.4203129378849,704431.00209739
2013-06-09,6.4203129378849,6.7003419034031,6.149774541635,6.4502139482904,206767.03874246
2013-06-16,6.4696524636591,7.4002999729905,6.4696524636591,7.3300926292468,559543.86222798
2013-06-23,7.3395831985151,7.3395831985151,6.6105817000826,7.0500636637287,1514635.6741148
2013-06-30,7.1198708027441,7.1198708027441,6.6105817000826,6.8498469554304,688024.54180465
2013-07-07,6.8996438580369,6.9300022452746,6.6400253336559,6.6694689672292,390500.68327321
2013-07-14,6.6295628386192,6.7301857417045,6.2897890243941,6.6798742901619,559666.28277444
2013-07-21,6.6694689672292,6.6903367851986,6.4601618943909,6.6694689672292,178799.52760027
2013-07-28,6.6694689672292,6.819945945025,6.549350376671,6.6504878286926,786769.88169377
2013-08-04,6.7003419034031,6.8498469554304,6.500525399833,6.779982644311,542183.9544778
2013-08-11,6.8701430523596,6.9504126864118,6.6694689672292,6.9504126864118,1619299.3415584
2013-08-18,6.9400073634791,6.9504126864118,6.8498469554304,6.9200542991741,568632.27088674
2013-08-25,6.8996438580369,7.1497718131496,6.8403563861622,6.9200542991741,567619.8255756
2013-09-01,6.9400073634791,6.9698512017805,6.5897138821132,6.5897138821132,1212941.9315651
2013-09-08,6.8498469554304,6.8498469554304,5.9799162205745,6.3999024967477,275882.8136675
2013-09-15,6.4900629047963,6.8498469554304,6.4098504428482,6.7003419034031,1118107.3065511
2013-09-22,6.7003419034031,6.740190859909,6.3999024967477,6.6001763771499,689959.4607
2013-09-29,6.5702181946404,6.7496814291773,6.2997369704946,6.6694689672292,562106.05473232
2013-10-06,6.5598128717078,6.8498469554304,6.5095585922691,6.6798742901619,344589.6070423
2013-10-13,6.7003419034031,6.8403563861622,6.549350376671,6.7496814291773,427865.07756648
2013-10-20,6.779982644311,7.4995507455792,6.6105817000826,7.2498801672987,1508024.753899
2013-10-27,7.1801302003873,7.2997342420092,7.0700167280336,7.1602343081863,238921.50113911
2013-11-03,7.1696677053506,7.2498801672987,6.9200542991741,6.979799147881,317901.2957927
2013-11-10,6.979799147881,7.4501540477009,6.979799147881,7.3096821881096,542080.28682056
2013-11-17,7.3799467039573,7.4197956604633,7.1103802334758,7.3200875110423,296128.559291
2013-11-24,7.4396915526642,7.649970551271,7.2698332316037,7.4995507455792,781148.43976749
2013-12-01,7.5897111536278,7.649970551271,7.1397666949451,7.2802957266404,1424567.654268
2013-12-08,7.1602343081863,7.2295268982655,6.4203129378849,6.7905023114517,419871.92192067
2013-12-15,6.79999288072,6.9400073634791,6.3301525298363,6.5200210873058,647245.85743404
2013-12-22,6.5399169795068,6.6798742901619,5.70988093884,6.0695620796869,683447.36188917
2013-12-29,6.0501235643181,6.6001763771499,6.0401184461136,6.5897138821132,54282.87167363
2014-01-05,6.6400253336559,6.79999288072,6.4298035071532,6.500525399833,132489.7944435
2014-01-12,6.5304264102385,6.5304264102385,6.0297131231809,6.0904298976563,1414310.0345725
2014-01-19,6.129878649434,6.3501055941413,6.0202225539126,6.2195245085464,1197760.9409768
2014-01-26,6.3301525298363,6.549350376671,6.2299298314791,6.4900629047963,481055.4354132
2014-02-02,6.2997369704946,6.5797659360127,6.0102174357081,6.3501055941413,583569.89532849
2014-02-09,6.3501055941413,6.6504878286926,6.1602370366717,6.389497173815,1160187.9471293
2014-02-16,6.4900629047963,6.549350376671,5.7800997170044,6.0904298976563,2068271.9548259
2014-02-23,6.1905382518054,6.1905382518054,5.9395527151323,6.0904298976563,2580789.0492679
2014-03-02,6.0596141335864,6.1702421548762,5.8503070607481,6.149774541635,625904.43738432
2014-03-09,5.8000527813094,6.0904298976563,5.750198706599,5.9096517047268,1040213.2831126
2014-03-16,5.9096517047268,5.949958038065,5.3002885511786,5.5105218121022,783972.96201427
2014-03-23,5.5195264184862,6.0904298976563,5.5195264184862,6.0904298976563,1336095.7370709
2014-03-30,6.0596141335864,6.0904298976563,5.93000497376,6.0002694896076,2231912.8267396
2014-04-06,6.0002694896076,6.0695620796869,5.93000497376,6.0297131231809,1003689.3975282
2014-04-13,5.9898641666749,6.2299298314791,5.9604205331017,6.109868413025,436206.32054923
2014-04-20,6.0904298976563,6.0904298976563,5.9096517047268,5.96991110237,395445.33553472
2014-04-27,6.0695620796869,6.0695620796869,5.6096868265348,5.8503070607481,494338.38076477
2014-05-04,5.7700945987999,6.0202225539126,5.6998986894771,5.9799162205745,353002.06886274
2014-05-11,6.0002694896076,6.0002694896076,5.750198706599,5.8503070607481,390140.58565891
2014-05-18,5.8398445657114,6.0501235643181,5.70988093884,5.9201141997635,2455943.2696
2014-05-25,5.949958038065,6.0297131231809,5.8000527813094,5.8997037586263,1710219.8803915
2014-06-01,6.0002694896076,6.1905382518054,5.9201141997635,6.1801329288727,2416381.2052558
2014-06-08,6.1602370366717,6.5897138821132,6.1602370366717,6.5598128717078,1944026.4783198
2014-06-15,6.5598128717078,6.6504878286926,6.3097420886991,6.5797659360127,1850481.1671161
2014-06-22,6.4696524636591,6.9400073634791,6.4402660021899,6.8896387398324,1491728.914582
2014-06-29,6.8996438580369,6.8996438580369,6.5797659360127,6.7905023114517,1010140.6021257
2014-07-06,6.819945945025,6.819945945025,6.3097420886991,6.6105817000826,562125.2290348
2014-07-13,6.549350376671,6.6798742901619,6.4900629047963,6.5095585922691,648923.29283922
2014-07-20,6.6001763771499,6.6105817000826,6.3201474116318,6.360510917074,174814.85470142
2014-07-27,6.3501055941413,6.500525399833,6.149774541635,6.2997369704946,512974.95992808
2014-08-03,6.36954410951,6.36954410951,6.149774541635,6.2000859931777,719950.38751814
2014-08-10,6.2000859931777,6.3799494324427,5.9096517047268,6.0695620796869,263178.67940224
2014-08-17,6.0695620796869,6.1905382518054,5.9201141997635,6.0904298976563,413810.52457091
2014-08-24,6.0999776390286,6.149774541635,6.0002694896076,6.0999776390286,192503.25407282
2014-08-31,6.0999776390286,6.1393692187023,5.9201141997635,6.0501235643181,306773.66846146
2014-09-07,6.0501235643181,6.3799494324427,6.0501235643181,6.2897890243941,430225.20242185
2014-09-14,6.2499400678881,6.36954410951,6.0596141335864,6.2095765624459,774027.82023686
2014-09-21,6.2095765624459,6.6694689672292,6.1203309080617,6.6694689672292,693454.02999975
2014-09-28,6.6599783979609,6.7197804187718,6.4800577865918,6.6001763771499,590694.72899153
2014-10-05,6.6504878286926,6.6694689672292,5.8797506943213,6.0501235643181,641507.68404001
2014-10-12,6.0596141335864,6.3301525298363,6.0596141335864,6.1702421548762,797534.67222465
2014-10-19,6.36954410951,6.36954410951,5.9799162205745,6.0401184461136,451953.9012399
2014-10-26,6.0904298976563,6.3799494324427,6.0401184461136,6.36954410951,388745.28641845
2014-11-02,6.2802984551258,6.4800577865918,6.2698931321931,6.4696524636591,481717.89702781
2014-11-09,6.4800577865918,6.4800577865918,6.3201474116318,6.4502139482904,46931.317687018
2014-11-16,6.4402660021899,6.4601618943909,6.2095765624459,6.2698931321931,90229.421118058
2014-11-23,6.2698931321931,6.7700918703145,6.2598880139886,6.7097753005673,1051635.6890058
2014-11-30,6.7197804187718,6.7496814291773,6.360510917074,6.740190859909,474283.32463277
2014-12-07,6.740190859909,6.7496814291773,6.4900629047963,6.6903367851986,118950.84054813
2014-12-14,6.7003419034031,6.8298367190214,6.5304264102385,6.8298367190214,1751203.7930104
2014-12-21,6.79999288072,6.9698512017805,6.6201294414549,6.8597377294269,3809886.0681276
2014-12-28,6.8597377294269,7.0301677715277,6.6694689672292,6.99980938429,972871.44722486
2015-01-04,6.99980938429,7.0500636637287,6.8597377294269,6.9898042660855,926695.7234787
2015-01-11,6.9898042660855,7.0899697923386,6.8996438580369,6.9400073634791,715043.87315493
2015-01-18,6.979799147881,6.979799147881,6.5598128717078,6.6599783979609,549366.31104823
2015-01-25,6.6105817000826,6.7097753005673,6.2195245085464,6.6400253336559,2001415.5869917
2015-02-01,6.6504878286926,6.740190859909,6.500525399833,6.6001763771499,386462.91230602
2015-02-08,6.6400253336559,6.8498469554304,6.6001763771499,6.6400253336559,269391.99622533
2015-02-15,6.8099408268205,6.8099408268205,6.500525399833,6.549350376671,228267.7529972
2015-02-22,6.5897138821132,6.6105817000826,6.500525399833,6.5598128717078,339834.8014458
2015-03-01,6.6001763771499,6.6798742901619,6.3301525298363,6.6504878286926,2406761.6052068
2015-03-08,6.6504878286926,6.9400073634791,6.5304264102385,6.7003419034031,1272569.7980791
2015-03-15,6.7700918703145,6.7905023114517,6.6201294414549,6.7905023114517,146466.3859895
2015-03-22,6.8996438580369,7.2000260925882,6.8099408268205,7.019705276491,1386411.8459084
2015-03-29,6.99980938429,7.019705276491,6.549350376671,6.7003419034031,576265.75033147
2015-04-05,6.7003419034031,6.740190859909,6.5797659360127,6.6001763771499,521091.58965345
2015-04-12,6.6001763771499,6.7496814291773,6.5797659360127,6.7003419034031,966273.59081953
2015-04-19,6.7003419034031,6.79999288072,6.7003419034031,6.779982644311,274010.26393178
2015-04-26,6.7301857417045,6.8896387398324,6.6599783979609,6.79999288072,276720.16177706
2015-05-03,6.79999288072,6.8498469554304,6.7496814291773,6.79999288072,90312.018113264
2015-05-10,6.76008675211,6.9504126864118,6.7496814291773,6.9400073634791,2638656.8833814
2015-05-17,6.9400073634791,6.9400073634791,6.7700918703145,6.79999288072,95781.961979486
2015-05-24,6.7496814291773,6.9504126864118,6.6504878286926,6.9504126864118,156168.79374019
2015-05-31,6.8597377294269,6.9400073634791,6.779982644311,6.8701430523596,173462.75031816
2015-06-07,6.8996438580369,7.1696677053506,6.79999288072,6.979799147881,145526.63446241
2015-06-14,6.99980938429,7.0301677715277,6.76008675211,6.8403563861622,296996.88127375
2015-06-21,6.8403563861622,6.8996438580369,6.4900629047963,6.740190859909,1640516.0232888
2015-06-28,6.6001763771499,6.8498469554304,6.6001763771499,6.7301857417045,140152.56210848
2015-07-05,6.6201294414549,6.7496814291773,6.4900629047963,6.6504878286926,248415.5200422
2015-07-12,6.4800577865918,6.6599783979609,6.4203129378849,6.5797659360127,418600.72887965
2015-07-19,6.5702181946404,6.7097753005673,6.5304264102385,6.7097753005673,53863.986912227
2015-07-26,6.6798742901619,6.6798742901619,6.500525399833,6.6504878286926,53722.602769922
2015-08-02,6.549350376671,6.6201294414549,6.4298035071532,6.5897138821132,57701.797296641
2015-08-09,6.5797659360127,6.7905023114517,6.4601618943909,6.6295628386192,312258.78320436
2015-08-16,6.6001763771499,6.99980938429,6.6001763771499,6.6105817000826,73035.339478176
2015-08-23,6.7003419034031,6.8498469554304,6.6105817000826,6.6201294414549,53358.080316587
2015-08-30,6.5095585922691,6.7905023114517,6.0501235643181,6.4900629047963,293221.440049
2015-09-06,6.4098504428482,6.5095585922691,6.149774541635,6.2997369704946,58690.643466292
2015-09-13,6.2997369704946,6.740190859909,6.2997369704946,6.6504878286926,75613.967098929
2015-09-20,6.7003419034031,6.79999288072,6.4696524636591,6.500525399833,149418.38574165
2015-09-27,6.36954410951,6.5897138821132,6.360510917074,6.360510917074,101286.67243807
2015-10-04,6.2997369704946,6.7496814291773,6.2997369704946,6.4298035071532,366802.08826082
2015-10-11,6.389497173815,6.7496814291773,6.389497173815,6.740190859909,36258.395242654
2015-10-18,6.740190859909,7.0500636637287,6.6400253336559,6.9400073634791,165741.82762594
2015-10-25,6.9101063530736,6.99980938429,6.9101063530736,6.9300022452746,23876.642106647
2015-11-01,6.9200542991741,6.99980938429,6.5598128717078,6.5598128717078,136666.42107356
2015-11-08,6.5598128717078,6.9504126864118,6.5200210873058,6.7700918703145,45812.676239186
2015-11-15,6.6001763771499,6.8996438580369,6.5200210873058,6.6001763771499,23742.843402679
2015-11-22,6.6001763771499,7.2295268982655,6.6001763771499,7.2295268982655,3200618.3933721
2015-11-29,7.2295268982655,7.2498801672987,6.6400253336559,7.0700167280336,580011.90333601
2015-12-06,7.2199791568932,7.2399322211982,6.7097753005673,6.7097753005673,107594.59653372
2015-12-13,6.9698512017805,7.0999749105431,6.6504878286926,6.9400073634791,142143.52896488
2015-12-20,6.8099408268205,6.99980938429,6.2997369704946,6.99980938429,74804.43226326
2015-12-27,6.9698512017805,7.0899697923386,6.5797659360127,6.99980938429,180391.83753082
2016-01-03,7.1497718131496,7.4995507455792,6.8996438580369,6.8996438580369,150183.88289365
2016-01-10,6.9101063530736,7.1901353185918,6.8996438580369,6.9400073634791,72943.89280491
2016-01-17,7.0097573303905,7.0999749105431,6.5200210873058,6.8597377294269,127125.41459412
2016-01-24,6.8597377294269,6.99980938429,6.7496814291773,6.7700918703145,49769.535864138
2016-01-31,6.9400073634791,7.2997342420092,6.7700918703145,7.2897862959087,122152.94905872
2016-02-07,5.8902449515612,5.9096255801743,5.4494387390614,5.6696356684111,183690.92038798
2016-02-14,5.6798986963292,5.6901617242473,5.0900494935726,5.2200783919276,87730.261299493
2016-02-21,5.2299748831344,5.4703313316089,5.2299748831344,5.3197305603287,53232.42394523
2016-02-28,5.2600767105548,5.5996729736302,5.2299748831344,5.2402379110525,46009.824601278
2016-03-06,5.2695150308724,6.4599804522819,5.2402379110525,6.3603282838808,227574.71884091
2016-03-13,6.4199821336547,6.5896886310146,6.0701228426613,6.5698956486011,76342.375504621
2016-03-20,6.5698956486011,6.8498380619026,6.4002807854191,6.6999703640451,1103576.3700028
2016-03-27,6.7494528200788,6.8905236368636,6.6999703640451,6.7102333919632,33374.614041656
2016-04-03,6.7303929110881,6.7494528200788,6.1100753441995,6.2405165963549,689861.04172812
2016-04-10,6.2899532352996,6.520092472945,6.1199718354063,6.4998871367313,189450.59498676
2016-04-17,6.5101501646494,6.7102333919632,6.3500652559627,6.7102333919632,61351.86662235
2016-04-24,6.6999703640451,6.6999703640451,6.5505150199879,6.5896886310146,19050.361684233
2016-05-01,6.5698956486011,7.3396685595468,6.5698956486011,6.9498567670151,166674.56047021
2016-05-08,7.0103353243895,7.0996786477836,6.7102333919632,6.7402894022948,50604.207598591
2016-05-15,6.9898092685534,7.0498754721275,6.6702808904249,6.8498380619026,35218.256801022
2016-05-22,6.8399415706959,7.0597261462453,6.6102146868508,6.6102146868508,72960.085080135
2016-05-29,6.6102146868508,6.9601197949332,6.6102146868508,6.9399602758083,18273.412974318
2016-06-05,6.7494528200788,8.1399098346244,6.6702808904249,7.6899860214295,1199117.9237635
2016-06-12,7.7200420317611,8.219769020612,7.7200420317611,7.9002864595725,764006.92670055
2016-06-19,7.9295635793924,8.100003150175,7.7200420317611,7.7200420317611,446733.41356822
2016-06-26,7.8899776145655,7.9995262741733,7.410043608128,7.8394413654867,234504.68065047
2016-07-03,7.8801727575366,8.1300133434176,7.8801727575366,7.9896756000555,766991.9347221
2016-07-10,4.4698584254749,4.630062263628,4.209872250219,4.3100353451071,636810.75699475
2016-07-17,4.3898516958447,4.950089182149,4.3799995881508,4.6901030068931,547997.65920795
2016-07-24,4.6901030068931,4.7100689932583,4.5599314390533,4.5599314390533,160838.6440654
2016-07-31,4.6403427238304,4.7401250609332,4.5498651551052,4.5599314390533,212741.70564717
2016-08-07,4.6002441695689,4.6002441695689,4.130079696843,4.220176507783,477228.02811469
2016-08-14,4.2600608857902,4.4801388856773,4.1901442374696,4.3898516958447,340490.7052463
2016-08-21,4.3799995881508,4.4301406289988,4.2903073323577,4.2903073323577,111715.19968749
2016-08-28,4.2903073323577,4.3799995881508,4.149831506954,4.3199112501626,195040.43914119
2016-09-04,4.3499435204759,4.4898006144785,4.0599488722683,4.1200134128949,607187.66117392
2016-09-11,4.220176507783,4.220176507783,3.8999354130078,4.0400066832647,606839.38642684
2016-09-18,4.0400066832647,4.0899811425816,3.9698758586899,3.9801563188923,1128441.565784
2016-09-25,4.0000747105343,4.1399556018985,3.9698758586899,4.0798910612719,213099.09223357
2016-10-02,4.0899811425816,4.1399556018985,3.9801563188923,4.0700151562164,206498.57707767
2016-10-09,4.0700151562164,5.1999852760951,4.0198741153684,4.9998732625732,1156784.9543947
2016-10-16,5.0200058304695,5.0998221812071,4.4898006144785,4.7699431549922,529365.97266546
2016-10-23,4.7900757228885,5.1197643702107,4.7001930882028,5.0599378031999,357920.64142606
2016-10-30,5.0798799922035,5.1197643702107,4.799951627944,5.0299055328866,474735.43384921
2016-11-06,5.0798799922035,5.2699019244157,5.0798799922035,5.1999852760951,322683.13394833
2016-11-13,5.1999852760951,5.1999852760951,4.9899735601562,5.0899462761516,170085.64232852
2016-11-20,5.0899462761516,5.1898951947854,5.0698137082554,5.0998221812071,111032.82416558
2016-11-27,5.0798799922035,5.9798724097781,4.9599412898429,5.6900919378247,1203244.1982001
2016-12-04,5.7102245057209,6.0500032343528,5.6100614108329,5.9299217478227,1114728.7538308
2016-12-11,5.9998383961433,6.4498465036114,5.9000798564021,6.4000624231871,737571.50097445
2016-12-18,6.4101287071352,6.569951787503,5.9901528699804,6.1300099639831,1022079.5716931
2016-12-25,5.3499777430351,5.6501557428496,5.3001808043601,5.3700813318857,1291842.231062
2017-01-01,5.4000827040111,5.4500233864265,5.0600055487964,5.1999708824081,804332.31545881
2017-01-08,5.2800566806894,5.9600467125583,5.2100124094233,5.9000234334874,594931.27219449
2017-01-15,5.9000234334874,5.9000234334874,5.3001808043601,5.5499047512574,723207.08371508
2017-01-22,5.5899681852182,5.6501557428496,5.4000827040111,5.5499047512574,362857.19091049
2017-01-29,5.5100055958573,5.850082751072,5.4000827040111,5.6702798665203,708102.28454999
2017-02-05,5.6199695573436,5.9101060301428,5.5899681852182,5.8799403794569,647846.17372816
2017-02-12,5.9000234334874,6.1901804411068,5.8799403794569,6.08007273588,764296.50204344
2017-02-19,6.1400549453107,6.1497884500249,5.9101060301428,5.9900480846837,501067.74586201
2017-02-26,5.930065875253,5.9499846507229,5.7500165728604,5.8299791622214,456826.31239016
2017-03-05,5.8400617588768,5.850082751072,5.6000302470535,5.7300977973905,423153.19323237
2017-03-12,5.7099736737198,5.7500165728604,5.3799585803404,5.6702798665203,475445.67003735
2017-03-19,5.7600991695159,5.9199832785975,5.7099736737198,5.7198509221745,374878.02513805
2017-03-26,5.7198509221745,5.7600991695159,5.4900868203873,5.6400936810143,274486.95879045
2017-04-02,5.6997473333238,5.7300977973905,5.6000302470535,5.6000302470535,217538.32263433
2017-04-09,5.6000302470535,6.1299928834753,5.6000302470535,6.0198851782485,612064.08482521
2017-04-16,5.9997610545778,6.0500302941144,5.8098755733707,5.9101060301428,184444.80350664
2017-04-23,5.9000234334874,5.9798217442878,5.7198509221745,5.7500165728604,148446.83119167
2017-04-30,5.850082751072,5.850082751072,5.1599074484473,5.4399613245912,919436.89228726
2017-05-07,5.4699626967166,5.4699626967166,5.3298536193644,5.4101447658464,214992.89294747
2017-05-14,5.4101447658464,5.5899681852182,5.3700813318857,5.519903379132,238574.04923293
2017-05-21,5.5299654409674,5.6997473333238,5.2899544639642,5.5499047512574,332724.44238192
2017-05-28,5.6000302470535,5.6799723015944,5.4500233864265,5.4599006348812,170946.8104979
2017-06-04,5.5698440615475,5.6298673406183,5.2698303402935,5.3799585803404,380863.51006431
2017-06-11,5.4000827040111,5.5100055958573,5.3900206421757,5.4500233864265,92703.152992864
2017-06-18,5.4900868203873,5.4900868203873,5.3600192700503,5.4000827040111,79677.404947923
2017-06-25,5.4000827040111,6.1598094422201,5.3298536193644,6.1497884500249,1094743.0224448
2017-07-02,6.1400549453107,6.6799153650073,6.0500302941144,6.2598756204316,1393069.2589915
2017-07-09,5.748447873824,5.8500501371085,5.4499393682945,5.5099050693421,456937.25826332
2017-07-16,5.5099050693421,5.6899153153172,5.4499393682945,5.6200873307324,147660.23293616
2017-07-23,5.609942190115,5.7900844360609,5.609942190115,5.6501644669497,81629.93395625
2017-07-30,5.700098170212,5.700098170212,5.490180502268,5.4998730715568,115948.61983873
2017-08-06,5.4998730715568,5.4998730715568,5.3799605266002,5.4300639441108,213091.94647141
2017-08-13,5.4300639441108,5.4400770847574,5.3500908189086,5.4000245221709,117048.68828663
2017-08-20,5.4000245221709,5.4499393682945,5.3901433814951,5.4000245221709,52124.846073144
2017-08-27,5.4000245221709,5.4000245221709,5.2602176958919,5.2699291223194,270750.99287217
2017-09-03,5.2699291223194,5.32003253983,5.1999502806252,5.2201462761667,378377.55018431
2017-09-10,5.2201462761667,5.3300456804766,5.2201462761667,5.2799422629661,84684.827869062
2017-09-17,5.3100005420447,5.7900844360609,5.2799422629661,5.299987401398,1104995.7579689
2017-09-24,5.4100188056788,5.4300639441108,5.2899554036127,5.2899554036127,157899.42984843
2017-10-01,5.3399079640137,5.369796528844,5.1099451576377,5.1900879970881,224892.44842821
2017-10-08,5.1900879970881,5.2699291223194,4.8900143490469,4.9700063313878,265009.17219289
2017-10-15,4.9499800500946,5.0800565928073,4.8998954897227,5.0598417401271,150955.32762505
2017-10-22,5.0800565928073,5.1900879970881,4.5998029845429,4.6101178394086,378551.31244786
2017-10-29,4.6101178394086,4.6600703998096,4.4999355780183,4.5998029845429,988212.82373244
2017-11-05,4.5998029845429,4.6199989800844,4.4199247385387,4.4499830176173,549266.98689663
2017-11-12,4.4600338725413,4.4999355780183,4.390055030847,4.4499830176173,437003.14917606
2017-11-19,4.4698772989397,4.6400441185163,4.4000681714937,4.5799275603592,192855.66991849
2017-11-26,4.560202993285,4.7400623821505,4.5199618593115,4.6901286788882,170991.64980852
2017-12-03,4.679964681132,4.8500937864313,4.5799275603592,4.679964681132,693094.22872512
2017-12-10,4.6901286788882,4.7599378063342,4.6101178394086,4.6400441185163,74068.720164527
2017-12-17,4.6400441185163,5.0201097488984,4.5400069977435,5.0000646104664,580896.82951708
2017-12-24,5.0000646104664,5.1800937135802,4.5498692812806,4.6199989800844,2363583.3026131
2017-12-31,4.630012120731,4.6600703998096,4.4499830176173,4.5498692812806,374493.45252855
2018-01-07,4.5498692812806,4.6901286788882,4.5100995757745,4.6500384020243,184187.3605285
2018-01-14,4.6500384020243,5.0598417401271,4.6500384020243,5.030122889545,243338.71813385
2018-01-21,5.0399851730821,5.099932016991,4.9399480523092,5.0099268940035,133572.07411993
2018-01-28,5.0201097488984,5.2099822784105,5.0000646104664,5.1500354345016,532086.24308837
2018-02-04,5.1500354345016,5.1500354345016,5.0201097488984,5.050168027977,287171.52677741
2018-02-11,5.0399851730821,5.0900697334539,4.669913826208,4.9599931907412,989351.22209138
2018-02-18,5.0000646104664,5.0399851730821,4.8599749271071,4.9599931907412,313128.54255852
2018-02-25,5.0000646104664,5.030122889545,4.9202423423738,4.9899006127102,433040.47520259
2018-03-04,4.9899006127102,5.1400034367162,4.9499800500946,5.099932016991,681149.98960179
2018-03-11,5.119977155423,5.1301411531792,4.9202423423738,5.030122889545,197832.17003994
2018-03-18,5.030122889545,5.0900697334539,5.0000646104664,5.0698737379124,87016.564126222
2018-03-25,5.0698737379124,5.0800565928073,5.0201097488984,5.030122889545,71736.983907367
2018-04-01,5.050168027977,5.2799422629661,5.0201097488984,5.1301411531792,252346.24723687
2018-04-08,5.1301411531792,5.3399079640137,5.1301411531792,5.2602176958919,349961.67060764
2018-04-15,5.2699291223194,5.4198810892159,5.1999502806252,5.3500908189086,515193.61244503
2018-04-22,5.4300639441108,5.4300639441108,5.2699291223194,5.32003253983,452814.87632704
2018-04-29,5.32003253983,5.3500908189086,5.1301411531792,5.2699291223194,1057930.4601579
2018-05-06,4.8892006880185,4.9998162429928,4.7983238604975,4.9001476425853,488535.68554495
2018-05-13,4.8300187148917,4.8500311162092,4.7899597030238,4.8300187148917,433571.09836623
2018-05-20,4.8400933340165,4.9001476425853,4.8199098865339,4.8500311162092,304854.39242259
2018-05-27,4.8500311162092,4.8799641951028,4.2699964657168,4.4500396591078,616734.7413268
2018-06-03,4.4699152234931,4.7899597030238,4.3001005907755,4.6500952538163,161087.80034667
2018-06-10,4.6500952538163,4.730042231387,4.5499819333795,4.6299289109502,104397.00834271
2018-06-17,4.6299289109502,4.6299289109502,4.3399885564783,4.4200894755976,439827.97460747
2018-06-24,4.4200894755976,4.4899447294271,4.2000043749552,4.2499840643993,146239.33999162
2018-07-01,4.3001005907755,4.3500802802196,4.030035800689,4.2000043749552,288533.2701787
2018-07-08,4.2200167762727,4.3800475683462,4.1799748690212,4.2800710848415,189267.68915406
2018-07-15,4.3001005907755,4.3699729492215,4.2000043749552,4.2499840643993,155211.94279593
2018-07-22,4.2300913953974,4.3399885564783,4.030035800689,4.2800710848415,194614.62796806
2018-07-29,4.2800710848415,4.3800475683462,4.1700370868286,4.3001005907755,348832.11902461
2018-08-05,4.3299139373535,4.3899853505389,4.3001005907755,4.3600180624123,144219.44793174
2018-08-12,4.3699729492215,4.3999060281151,4.030035800689,4.2499840643993,552290.46547099
2018-08-19,4.2200167762727,4.3001005907755,4.100044996067,4.2000043749552,164586.69286879
2018-08-26,4.2000043749552,4.4399479353665,4.2000043749552,4.3999060281151,145715.35125642
2018-09-02,4.4399479353665,4.6001155643722,4.3999060281151,4.5400612558033,150790.43569973
2018-09-09,4.5800860584382,4.5800860584382,4.1600993046359,4.2499840643993,586740.61195238
2018-09-16,4.2499840643993,4.3500802802196,4.2099250525314,4.2800710848415,64169.604341396
2018-09-23,4.3299139373535,4.4200894755976,4.2600415789076,4.4100148564729,198617.78921921
2018-09-30,4.4100148564729,4.4300272577903,4.3198393182288,4.3299139373535,86329.961267435
2018-10-07,4.3600180624123,4.3600180624123,4.2200167762727,4.2499840643993,67341.708189953
2018-10-14,4.2699964657168,4.2699964657168,4.100044996067,4.1799748690212,155707.05580782
2018-10-21,4.1799748690212,4.1799748690212,3.9799192743128,4.0199611815642,463663.12348553
2018-10-28,3.9999316756302,4.030035800689,3.5700071396352,3.8501465488465,483349.323924
2018-11-04,3.8599474941071,4.0800325947496,3.8501465488465,3.8900345145493,181020.50086218
2018-11-11,3.8900345145493,4.1600993046359,3.8400548251053,4.0499113650743,186068.82243999
2018-11-18,4.100044996067,4.100044996067,3.9999316756302,4.0401275244302,1059121.386734
2018-11-25,4.0800325947496,4.0800325947496,3.7998760809218,3.9198649657439,539130.88278664
2018-12-02,3.9600437099274,4.0800325947496,3.8101046415951,3.8501465488465,1250252.6164704
2018-12-09,3.8900345145493,3.9898570565055,3.8698681716833,3.9499690908026,845237.49560059
2018-12-16,3.4726097666501,3.5162066476711,3.3900240483125,3.4000929230301,828561.06207944
2018-12-23,3.3599670359682,3.4000929230301,3.220124878486,3.2400082878466,1284780.5370561
2018-12-30,3.2699306495632,3.2799845630999,3.0301029204052,3.2499275507557,400942.61669965
2019-01-06,3.2499275507557,3.5599232181389,3.2499275507557,3.3399639371607,455709.79192342
2019-01-13,3.4098775353114,3.5200367099708,3.3300297130708,3.4700065211807,301101.90650203
2019-01-20,3.4800604347175,3.4898749693605,3.4300152847466,3.4498837329264,180344.06145828
2019-01-27,3.4700065211807,3.4700065211807,3.3300297130708,3.4400691982834,118562.10146358
2019-02-03,3.4300152847466,3.4498837329264,3.3599670359682,3.4400691982834,101136.25527297
2019-02-10,3.4400691982834,3.4498837329264,3.3199757995341,3.4498837329264,270417.85943467
2019-02-17,3.4400691982834,3.7599990897565,3.3500328118783,3.6398907298263,6674614.4103621
2019-02-24,3.6300911563642,3.6499596045439,3.4800604347175,3.6300911563642,852677.20288224
2019-03-03,3.6200222816466,3.8799727990589,3.6200222816466,3.8300473385349,729200.24303462
2019-03-10,3.8399815626248,3.8500354761615,3.7200228145032,3.7548973270838,132482.97082822
2019-03-17,3.780002188564,4.0799289812296,3.7548973270838,3.9799583707347,2801863.8202891
2019-03-24,3.9799583707347,4.1250070191556,3.834894761133,4.0999171188563,780943.94295827
2019-03-31,4.0301232101525,4.1850013543972,4.0098807324512,4.1500969194549,1492564.5491811
2019-04-07,4.2000223799789,4.3500531016256,4.0098807324512,4.190088155889,272216.6460713
2019-04-14,4.2449956896388,4.2499478405029,4.1299741312005,4.1949355784871,152936.31825146
2019-04-21,4.1600311435448,4.1600311435448,3.8799727990589,3.9698745348362,295371.39419547
2019-04-28,3.9799583707347,3.9799583707347,3.8399815626248,3.9149969234481,242609.13335182
2019-05-05,3.9100298114032,3.9300179490298,3.7999903261906,3.8199784638173,53995.00137215
2019-05-12,3.8050771276824,3.8050771276824,3.6099683681098,3.6550464060358,444712.55473318
2019-05-19,3.6200222816466,3.7401156803959,3.5000485723441,3.7299570385931,169613.34099889
2019-05-26,3.7149210518305,3.7699333138464,3.5599232181389,3.59009991993,219297.37386053
2019-06-02,3.5999144545731,3.7099389786047,3.5200367099708,3.6099683681098,386675.51714086
2019-06-09,3.6200222816466,3.8399815626248,3.5800310452124,3.7999903261906,748230.02072933
2019-06-16,3.8199784638173,4.1500969194549,3.7949035246988,4.1150727950657,861414.28157252
2019-06-23,4.1949355784871,4.1949355784871,4.0000512366273,4.019934645988,224036.701588
2019-06-30,3.9500210478373,4.019934645988,3.7999903261906,4.0000512366273,621163.53947343
2019-07-07,3.9949793963164,4.0701144465866,3.8900267125957,4.0701144465866,803396.56845609
2019-07-14,4.0701144465866,4.4649250482553,4.0701144465866,4.2299597028763,2349360.2810009
2019-07-21,4.2299597028763,4.4199666997763,4.1850013543972,4.3751430019249,253991.24968813
2019-07-28,4.3049601025188,4.5699824602421,4.2299597028763,4.5501140120623,662105.66252584
2019-08-04,4.5749645334679,4.6600487690088,4.3500531016256,4.3700412392522,557337.2109602
2019-08-11,4.3300500028181,4.4999491726445,4.059940843603,4.3950114501047,536194.62389463
2019-08-18,4.3798557738952,4.4500386733014,4.0999171188563,4.3599873257155,97079.725695841
2019-08-25,4.3999785621496,4.4999491726445,4.2600017540397,4.4500386733014,1102146.5251974
2019-09-01,4.3700412392522,4.4999491726445,4.3599873257155,4.4949970217805,468207.09155952
2019-09-08,4.4500386733014,4.700040005443,4.4500386733014,4.6899711307254,422711.63886069
2019-09-15,4.6899711307254,4.8998465758051,4.619922881947,4.7350491686513,2687898.5285428
2019-09-22,4.700040005443,4.7949088532652,4.6000544337672,4.6600487690088,329384.88743223
2019-09-29,4.6899711307254,4.7600193795037,4.6150904205297,4.7549325780119,348392.92509149
2019-10-06,4.7499505047861,4.799995654757,4.6499798942912,4.799995654757,371618.52962749
2019-10-13,4.2979040590963,4.4799584684817,4.2530937574485,4.4750688541016,462663.40133058
2019-10-20,4.4900726023365,4.7849900285778,4.1600169335773,4.3000340554975,1641467.2931862
2019-10-27,4.3000340554975,4.3999965281122,4.2900136950692,4.3749724194491,170474.48419499
2019-11-03,4.3699756354387,4.4799584684817,4.330054948171,4.3999965281122,486224.65952205
2019-11-10,4.3799825996632,4.4799584684817,4.270013162824,4.4100034923367,346631.33129645
2019-11-17,4.4100034923367,4.5999482657492,4.3399547427653,4.4300308169895,1555287.636731
2019-11-24,4.4500447454385,4.7549691359043,4.3999965281122,4.5900350749512,132639.42533661
2019-12-01,4.5999482657492,4.7799932445674,4.5550040020636,4.7200452326469,278848.5383229
2019-12-08,4.6999107383639,4.6999107383639,4.4999723969307,4.6800039795452,1831800.8219176
2019-12-15,4.6800039795452,4.9400108987329,4.5999482657492,4.9099900060594,523492.2914151
2019-12-22,4.8999696456311,4.9099900060594,4.6499830868717,4.7999937768127,376983.72806518
2019-12-29,4.7999937768127,4.8999696456311,4.7599659199147,4.8500419941389,193569.9307097
2020-01-05,4.7999937768127,4.8300146694861,4.6099552299737,4.6900243399735,91508.613977484
2020-01-12,4.6999107383639,4.9899385502251,4.6999107383639,4.8999696456311,234350.93368609
2020-01-19,4.9400108987329,4.9899385502251,4.8200211014654,4.9500178629574,204176.58848493
2020-01-26,4.9500178629574,5.2799395696788,4.9099900060594,5.2700531712883,1883241.5384394
2020-02-02,5.2799395696788,5.2799395696788,5.0299664071231,5.1299288797378,130331.04971058
2020-02-09,5.1499562043906,5.1499562043906,4.8100141372409,5.0299664071231,360543.63332616
2020-02-16,5.0800146244494,5.3199808227806,4.9700317914064,5.1999910255131,372953.28803561
2020-02-23,5.2200183501659,5.2999668943316,5.0700076602249,5.1999910255131,163889.27394591
2020-03-01,5.1100355171229,5.1100355171229,4.3499617069898,4.5849311213106,641850.72208208
2020-03-08,4.4999723969307,4.8650457423738,4.4999723969307,4.7900939822184,462314.49219815
2020-03-15,4.5999482657492,4.6800039795452,4.0200132078608,4.2000447904753,929593.74553041
2020-03-22,4.2000447904753,4.2800067308448,3.7999537683484,3.8499751932671,391427.48704656
2020-03-29,3.9400646636951,4.049926930904,3.6099955987321,3.9000234105933,499170.2674349
2020-04-05,3.8049505523587,3.9899923151873,3.7099848637544,3.9199435656158,1450271.3833774
2020-04-12,3.9300443032668,3.9899923151873,3.8599955536953,3.9400646636951,2623471.1471061
2020-04-19,3.999985883208,4.1500233655566,3.9300443032668,4.0200132078608,428911.83827187
2020-04-26,4.0300335682891,4.3799825996632,3.9000234105933,4.2399788739468,349338.97407399
2020-05-03,4.2499858381713,4.4999723969307,4.0200132078608,4.4799584684817,603012.09984284
2020-05-10,4.4300308169895,4.4300308169895,4.1600169335773,4.2000447904753,135305.70259845
2020-05-17,4.2499858381713,4.2499858381713,3.8900164463688,3.8900164463688,196925.93298331
2020-05-24,3.9000234105933,3.9899923151873,3.8100545059993,3.9000234105933,242742.73787077
2020-05-31,3.9300443032668,3.999985883208,3.7500127206524,3.7500127206524,717537.92555535
2020-06-07,3.8299746610218,4.2000447904753,3.8299746610218,4.1700238978018,682520.21801614
2020-06-14,4.2000447904753,4.270013162824,3.9000234105933,4.0300335682891,876867.10102072
2020-06-21,3.999985883208,4.0700480289833,3.7800336133258,3.7800336133258,470991.35874102
2020-06-28,3.7999537683484,3.9599714225138,3.7999537683484,3.7999537683484,653924.95641426
2020-07-05,3.7999537683484,3.9100437710216,3.6500368518339,3.8499751932671,246790.2636568
2020-07-12,3.7999537683484,3.999985883208,3.7999537683484,3.8900164463688,506063.0213007
2020-07-19,3.9199435656158,3.9499644582893,3.8499751932671,3.8799960859405,766163.98850891
2020-07-26,3.8799960859405,3.999985883208,3.8499751932671,3.8799960859405,467861.06830309
2020-08-02,3.8399816252463,3.9000234105933,3.6400164914056,3.7500127206524,256153.25821005
2020-08-09,3.7600062886731,3.8700025179198,3.7500127206524,3.7600062886731,326319.96383829
2020-08-16,3.7899334079201,3.8599955536953,3.7500127206524,3.7999537683484,253341.30239292
2020-08-23,3.7800336133258,4.1099821124548,3.7800336133258,3.999985883208,470330.4097402
2020-08-30,4.0300335682891,4.2300656831487,3.999985883208,4.2000447904753,331499.64580398
2020-09-06,4.2000447904753,4.3399547427653,4.0400271363098,4.2000447904753,887822.6679283
2020-09-13,4.2099445850695,4.2199649454978,3.9400646636951,4.0999751482303,411532.92617658
2020-09-20,4.089954787802,4.1600169335773,4.0600544609626,4.1299960409038,107158.26766652
2020-09-27,4.0700480289833,4.2199649454978,3.9599714225138,4.0600544609626,217518.76579828
2020-10-04,4.0700480289833,4.1500233655566,4.049926930904,4.0600544609626,69815.0987448
2020-10-11,4.0999751482303,4.179923692396,4.0100062436363,4.1199890766793,206618.95241181
2020-10-18,4.1199890766793,4.1600169335773,3.8399816252463,3.9499644582893,154373.40683464
2020-10-25,3.9499644582893,4.1199890766793,3.9499644582893,4.0799612197813,209801.39936954
2020-11-01,4.0700480289833,4.1500233655566,3.7500127206524,3.7500127206524,300547.44905763
2020-11-08,3.7400057564279,3.8900164463688,3.7400057564279,3.8499751932671,294654.66157131
2020-11-15,3.8199543005936,3.9300443032668,3.7999537683484,3.8100545059993,132084.58787605
2020-11-22,3.7999537683484,4.1099821124548,3.7800336133258,3.8499751932671,245293.91108893
2020-11-29,3.8900164463688,4.049926930904,3.7999537683484,4.0200132078608,269559.28229763
2020-12-06,3.999985883208,4.0999751482303,3.9599714225138,4.089954787802,101320.33445103
2020-12-13,4.0999751482303,4.2900136950692,3.9799853509628,4.049926930904,401363.30406721
2020-12-20,4.049926930904,4.0999751482303,3.9000234105933,3.9000234105933,1514019.2400697
2020-12-27,3.9100437710216,3.999985883208,3.9100437710216,3.9799853509628,104630.47495722
2021-01-03,3.9799853509628,4.0600544609626,3.9499644582893,4.0400271363098,156704.26371921
2021-01-10,4.1500233655566,4.2900136950692,4.089954787802,4.2399788739468,389592.11710005
2021-01-17,4.2399788739468,4.3399547427653,4.0999751482303,4.0999751482303,205471.50897635
2021-01-24,4.1500233655566,4.2900136950692,4.0999751482303,4.2499858381713,175689.23692399
2021-01-31,4.270013162824,4.3000340554975,4.2000447904753,4.2499858381713,222268.60610085
2021-02-07,4.2800067308448,4.2900136950692,4.2399788739468,4.2599928023958,87254.260612958
2021-02-14,4.2800067308448,4.5800415069305,4.2499858381713,4.4399306115837,315045.16305951
2021-02-21,4.460051709663,4.8500419941389,4.420023852765,4.4900726023365,573450.14412408
2021-02-28,4.509992757359,4.5699005806682,4.3099338500918,4.3600758408445,257737.73731137
2021-03-07,4.330054948171,4.4100034923367,4.2300656831487,4.3499617069898,260128.84396879
2021-03-14,4.3499617069898,4.5800415069305,4.3499617069898,4.4999723969307,327943.11070427
2021-03-21,4.550020614257,4.7200452326469,4.4999723969307,4.509992757359,611738.42515447
2021-03-28,4.509992757359,4.5900350749512,4.3900029600915,4.420023852765,153079.38559357
2021-04-04,4.4699515042572,4.5400136500325,4.2800067308448,4.3549584910001,929425.58571662
2021-04-11,4.3000340554975,4.5999482657492,4.3000340554975,4.5900350749512,200596.67287636
2021-04-18,4.5800415069305,4.5999482657492,4.4649413240431,4.5699005806682,374622.29666901
2021-04-25,4.5600141822777,4.5800415069305,4.2399788739468,4.2950104790796,288682.74005497
2021-05-02,4.3000340554975,4.330054948171,4.1700238978018,4.2300656831487,540075.36695838
2021-05-09,4.2300656831487,4.3999965281122,4.2300656831487,4.3799825996632,118788.2723301
2021-05-16,4.420023852765,4.460051709663,4.3499617069898,4.3850999495076,146296.3402694
2021-05-23,4.509992757359,4.6800039795452,4.4300308169895,4.4450345652244,440683.92448937
2021-05-30,4.4999723969307,4.7699728841392,4.460051709663,4.7250420166573,513635.60842449
2021-06-06,4.7699728841392,4.894959465417,4.5999482657492,4.7799932445674,278309.88736849
2021-06-13,4.7949969928023,4.8999696456311,4.6299825546265,4.6700104115245,238693.41358405
2021-06-20,4.6700104115245,4.7350489808818,4.3499617069898,4.3999965281122,995788.46240128
2021-06-27,4.3999965281122,4.6200827600322,4.2950104790796,4.5800415069305,1014947.8901723
2021-07-04,4.5999482657492,4.6900243399735,4.5600141822777,4.6399761226472,135563.7874464
2021-07-11,4.6200827600322,4.7200452326469,4.5800415069305,4.674993799331,417599.26897875
2021-07-18,4.5600141822777,4.8899492852029,4.5600141822777,4.8050039570268,211697.01908893
2021-07-25,4.6210361941279,4.6210361941279,4.3652654617597,4.5750271455587,177943.83295073
2021-08-01,4.5950316312476,4.6250320172046,4.539952698552,4.5499612839727,48261.556063742
2021-08-08,4.5499612839727,4.635053287778,4.3499925379998,4.4100059950664,145703.93592577
2021-08-15,4.4300231659079,4.5750271455587,4.4200145804871,4.4700321372856,62773.260869134
2021-08-22,4.4700321372856,4.4700321372856,4.4000100947983,4.4400317513286,117731.79633787
2021-08-29,4.4100059950664,4.5750271455587,4.4000100947983,4.5699657696616,85639.096109252
2021-09-05,4.5799743550823,4.6250320172046,4.4100059950664,4.4349703754314,223722.98626849
2021-09-12,4.4300231659079,4.4800407227064,4.3650498141651,4.384952818633,268408.1350096
2021-09-19,4.4000100947983,4.5199482128631,4.3900015093775,4.4000100947983,352202.04805249
2021-09-26,4.3900015093775,4.4449662756996,4.2250057291904,4.3900015093775,829686.61326661
2021-10-03,4.4349703754314,4.4500276515967,4.3650498141651,4.4100059950664,1734377.1166929
2021-10-10,4.4649707613884,4.510053793816,4.355053913897,4.510053793816,120056.55606325
2021-10-17,4.510053793816,4.7449701352694,4.4049699894745,4.6199960116127,406802.56292626
2021-10-24,4.6199960116127,4.6199960116127,4.5049924179188,4.5199482128631,46590.160182746
2021-10-31,4.5699657696616,4.6399878121489,4.5000452083952,4.6099874261919,107034.8626995
2021-11-07,4.6399878121489,4.6499963975697,4.565018560138,4.5699657696616,95322.745994765
2021-11-14,4.5599698693934,4.6499963975697,4.4600235518649,4.5150136884922,80180.469107001
2021-11-21,4.494983832498,4.5299441131312,4.3099835666221,4.355053913897,329755.01143939
2021-11-28,4.4200145804871,4.4500276515967,4.3099835666221,4.3299880523109,189458.42105133
2021-12-05,4.2999749812013,4.4000100947983,4.2499447392502,4.3949614040537,326397.97482614
2021-12-12,4.4200145804871,4.4200145804871,4.3600011234205,4.4100059950664,219058.2723097
2021-12-19,4.4100059950664,4.4449662756996,4.3450453284762,4.3699970236887,379961.46452829
2021-12-26,4.2100009933309,4.2100009933309,4.0850060857636,4.1349871836334,584222
2022-01-02,4.0999919825459,4.0999919825459,4.0050050081658,4.0649967814585,142352
2022-01-09,4.0949926681049,4.120001286851,4.0549981525764,4.0900054002046,513947
2022-01-16,4.0799947247817,4.1850044211256,4.0699960958996,4.120001286851,199156
2022-01-23,4.0500108846762,4.1799930601437,4.0500108846762,4.1300119622739,65212.999999999
2022-01-30,4.1300119622739,4.1300119622739,3.9549998172144,4.0549981525764,174547
2022-02-06,4.0549981525764,4.1150019724099,4.0199909049482,4.0900054002046,28768
2022-02-13,4.0900054002046,4.1150019724099,4.0699960958996,4.0750074568815,84278
2022-02-20,4.0599974670175,4.0599974670175,3.8600007962935,3.8950080439217,852686.00000001
2022-02-27,3.9000073583628,3.9450011883323,3.2799959953449,3.7199958988622,413760.00000001
2022-03-06,3.5500071613254,3.7500038320494,3.5500071613254,3.600000305736,76743.000000001
2022-03-13,3.699998641098,3.699998641098,3.3199905108734,3.4800047126097,328108
2022-03-20,3.4499967794226,3.5800030479717,3.4149895317943,3.5149999136971,978718.99999998
2022-03-27,3.5149999136971,3.5600057902075,3.400003635012,3.4450095115223,121125
2022-04-03,3.4499967794226,3.7199958988622,3.4100022638941,3.699998641098,552578
2022-04-10,3.7700010898136,3.8400035385292,3.6499934501466,3.6550048111284,480890
2022-04-17,3.7350058887262,3.7350058887262,3.4700060837276,3.6400068678053,85286
2022-04-24,3.6400068678053,3.6400068678053,3.4700060837276,3.4700060837276,71974
2022-05-01,3.3099918819913,3.4700060837276,3.3099918819913,3.4100022638941,56132
2022-05-08,3.4800047126097,3.4800047126097,3.2749966809039,3.2749966809039,72612
2022-05-15,3.2500001086986,3.2900066707679,3.105007943367,3.2900066707679,84983
2022-05-22,3.2900066707679,3.2900066707679,3.1799976599829,3.2100055931701,100290
2022-05-29,3.2200042220522,3.3049925675502,3.0500034379746,3.1400031444545,300965
2022-06-05,3.1500017733366,3.2950059852089,3.105007943367,3.2600107841215,126599
2022-06-12,3.2600107841215,3.3250018718553,3.1799976599829,3.2549994231396,105880
2022-06-19,3.2600107841215,3.389992959589,3.1200058866902,3.30000529965,95984
2022-06-26,3.2950059852089,3.2950059852089,3.189996288865,3.189996288865,212461
2022-07-03,3.2200042220522,3.30000529965,3.1600004022187,3.2649980520217,117484
2022-07-10,3.2749966809039,3.3199905108734,3.1699990311008,3.3199905108734,206715
2022-07-17,3.1700004100268,3.209999279728,2.7999996170148,3.0800029531991,264196
2022-07-24,3.0800029531991,3.1999995623027,3.0000052137968,3.0549980354979,50808
2022-07-31,3.0549980354979,3.1999995623027,3.0549980354979,3.0899914223484,95659
2022-08-07,3.195005327728,3.2900082674064,3.1500009751762,3.2850027845557,109932
2022-08-14,3.2850027845557,3.2850027845557,3.0899914223484,3.1400012577509,32411
2022-08-21,3.1500009751762,3.2199989971532,3.1199905746242,3.1199905746242,32388
2022-08-28,3.1199905746242,3.1999995623027,3.0999911397736,3.0999911397736,34220
2022-09-04,3.1650061754522,3.1800001274521,3.0999911397736,3.1500009751762,28253
2022-09-11,3.0999911397736,3.1500009751762,3.0500038009232,3.0999911397736,75394
2022-09-18,3.1300015403256,3.3000079848317,3.0999911397736,3.3000079848317,46330
2022-09-25,3.2900082674064,3.2900082674064,3.1049966226243,3.1049966226243,23911
2022-10-02,3.1049966226243,3.1500009751762,3.0300043660727,3.0500038009232,91044
2022-10-09,3.0700032357738,3.0849971877737,3.024998883222,3.0349986006473,66251
2022-10-16,3.0300043660727,3.0749974703484,3.0200046486474,3.0200046486474,36603
2022-10-23,3.0549980354979,3.0549980354979,2.9599950958195,3.0300043660727,171849
2022-10-30,3.0500038009232,3.0500038009232,2.8599979215666,3.0000052137968,111716
2022-11-06,3.0449983180726,3.0500038009232,2.9350014263943,3.0000052137968,183652
2022-11-13,2.9599950958195,3.0200046486474,2.9499953783942,2.9499953783942,293832
2022-11-20,2.9949997309461,2.9949997309461,2.9350014263943,2.9399956609689,232849
2022-11-27,2.9499953783942,2.9499953783942,2.9299959435436,2.9399956609689,111658
2022-12-04,2.9399956609689,3.0100049312221,2.9299959435436,2.9900054963715,263608
2022-12-11,2.9900054963715,3.0749974703484,2.9599950958195,3.0700032357738,168527
2022-12-18,3.0800029531991,3.2299987145785,3.0800029531991,3.1700004100268,510724
2022-12-25,3.1500009751762,3.3200074196823,3.1049966226243,3.3200074196823,270540
2023-01-01,3.3500065719581,3.480002898487,3.3300071371075,3.3999939108085,1777698
2023-01-08,3.4399927805097,3.5200017681881,3.3550008065327,3.5000023333375,268804
2023-01-15,3.5400012030387,3.5949940247398,3.4299930630844,3.5000023333375,463609
2023-01-22,3.5200017681881,3.5200017681881,3.4700031810617,3.5000023333375,360918
2023-01-29,3.2981105391298,3.3300022057956,3.1850036763876,3.2600007352092,694216.16821586
2023-02-05,3.2600007352092,3.2600007352092,3.1500029410944,3.2100026959948,202140
2023-02-12,3.2299955881512,3.2299955881512,3.1600046567804,3.2000009803088,79559
2023-02-19,3.2200044116808,3.245003431288,3.1500029410944,3.2399973038372,785463
2023-02-26,3.245003431288,3.2899953430516,3.2000009803088,3.2100026959948,620795
2023-03-05,3.2499990195232,3.2649963234444,3.1650002450156,3.2000009803088,246461
2023-03-12,3.2100026959948,3.3400039214816,3.2000009803088,3.3300022057956,577940
2023-03-19,3.3400039214816,3.3400039214816,3.2100026959948,3.2700024508952,461005
2023-03-26,3.2899953430516,3.349995097952,3.1400012254084,3.349995097952,3204469
2023-04-02,3.3400039214816,3.524998774418,3.1500029410944,3.4500017155964,772806
2023-04-09,3.4999997548108,3.7999985293128,3.4199965685384,3.71000416657,605520
2023-04-16,3.71000416657,3.9500031861716,3.6500044116696,3.9000051469572,245637
2023-04-23,3.9500031861716,4.000001225386,3.7549960783336,3.9899995097,330608
2023-04-30,3.9500031861716,4.000001225386,3.9199980391136,3.9199980391136,116559
2023-05-07,3.9299997547996,3.9600049018576,3.9199980391136,3.9500031861716,47811
2023-05-14,3.9199980391136,4.0499992646004,3.9199980391136,4.0299958332284,139681
2023-05-21,4.0499992646004,4.0499992646004,3.8100002449988,3.969996078328,217802
2023-05-28,3.9899995097,4.1499953430292,3.9400014704856,4.0999973038148,228630
2023-06-04,4.0999973038148,4.1800004900872,4.0299958332284,4.1499953430292,195177
2023-06-11,4.1400041665588,4.1699987744012,4.0999973038148,4.1400041665588,26401
2023-06-18,4.1499953430292,4.3599997547884,4.0399975489144,4.2500019606736,501271
2023-06-25,4.2500019606736,4.4400029410608,4.2099950979296,4.3599997547884,214678
2023-07-02,4.3700014704744,4.3900049018464,4.279996568516,4.3599997547884,193986
2023-07-09,4.2500019606736,4.3800031861604,4.2500019606736,4.310001715574,100901
2023-07-16,4.3599997547884,4.5199955881176,4.299999999888,4.5199955881176,494943
2023-07-23,4.5299973038036,4.5399990194896,4.299999999888,4.3399963234164,140172
2023-07-30,4.299999999888,4.5000026959612,4.299999999888,4.4199995096888,164940
2023-08-06,4.4099977940028,4.4099977940028,4.1499953430292,4.2299985293016,150442
2023-08-13,4.2000039214592,4.2400002449876,4.010002941072,4.1499953430292,286977
2023-08-20,4.1499953430292,4.2299985293016,4.0999973038148,4.1499953430292,40936
2023-08-27,4.2000039214592,4.299999999888,4.1300024508728,4.2400002449876,53830
2023-09-03,4.1900022057732,4.289998284202,4.0700026959724,4.2299985293016,68130
2023-09-10,4.2299985293016,4.5399990194896,4.0999973038148,4.5000026959612,715470
2023-09-17,4.5000026959612,4.7199982841908,4.4400029410608,4.5600024508616,348257
2023-09-24,4.4199995096888,4.5500007351756,4.2400002449876,4.3700014704744,782932
2023-10-01,4.3700014704744,4.4799992645892,4.1499953430292,4.3399963234164,180684
2023-10-08,4.299999999888,4.3399963234164,3.7999985293128,4.2000039214592,1195147
2023-10-15,4.2000039214592,4.299999999888,4.1400041665588,4.2600036763596,213648
2023-10-22,4.299999999888,4.3999960783168,4.0999973038148,4.310001715574,435425
2023-10-29,4.330005146946,4.3399963234164,4.2600036763596,4.299999999888,143685
2023-11-05,4.08,4.18,4.00409,4.09,354126.56862096
2023-11-12,4.09,4.17,4.04,4.07,127957
2023-11-19,4.11,4.12,4.02,4.02,73866
2023-11-26,4.01,4.04,3.92,4,156946
2023-12-03,4,4.2,3.91,4.2,351632
2023-12-10,4.28,4.31,4.18,4.26,159843
2023-12-17,4.22,4.31,4.1,4.25,139443
