Data,Otwarcie,Najwyzszy,Najnizszy,Zamkniecie
2003-01-05,1341,1351,1288,1319
2003-01-12,1315,1356,1313,1345
2003-01-19,1347,1371,1317,1364
2003-01-26,1362,1436,1350,1410
2003-02-02,1412,1431,1381,1404
2003-02-09,1411,1494,1409,1440
2003-02-16,1441,1465,1339,1366
2003-02-23,1373,1381,1319,1368
2003-03-02,1371,1415,1340,1360
2003-03-09,1372,1405,1345,1373
2003-03-16,1384,1414,1319,1345
2003-03-23,1370,1416,1356,1357
2003-03-30,1357,1376,1335,1347
2003-04-06,1357,1375,1311,1321
2003-04-13,1322,1322,1261,1283
2003-04-20,1282,1294,1257,1277
2003-04-27,1276,1318,1276,1297
2003-05-04,1301,1301,1267,1290
2003-05-11,1290,1313,1288,1307
2003-05-18,1310,1347,1310,1328
2003-05-25,1319,1390,1307,1362
2003-06-01,1362,1386,1317,1342
2003-06-08,1369,1402,1347,1360
2003-06-15,1383,1394,1309,1329
2003-06-22,1309,1377,1309,1362
2003-06-29,1383,1392,1335,1343
2003-07-06,1347,1366,1320,1362
2003-07-13,1372,1381,1337,1352
2003-07-20,1352,1402,1347,1372
2003-07-27,1359,1394,1351,1387
2003-08-03,1395,1406,1368,1374
2003-08-10,1363,1365,1331,1362
2003-08-17,1366,1432,1364,1414
2003-08-24,1429,1464,1398,1441
2003-08-31,1440,1500,1421,1491
2003-09-07,1492,1519,1476,1510
2003-09-14,1504,1528,1465,1488
2003-09-21,1496,1527,1483,1501
2003-09-28,1485,1569,1485,1534
2003-10-05,1567,1567,1480,1498
2003-10-12,1496,1496,1417,1425
2003-10-19,1436,1489,1411,1463
2003-10-26,1461,1534,1455,1519
2003-11-02,1526,1594,1498,1548
2003-11-09,1557,1584,1499,1526
2003-11-16,1513,1564,1498,1534
2003-11-23,1533,1568,1504,1545
2003-11-30,1549,1569,1511,1553
2003-12-07,1553,1561,1511,1537
2003-12-14,1535,1572,1532,1546
2003-12-21,1543,1557,1511,1535
2003-12-28,1530,1538,1526,1534
2004-01-04,1542,1563,1539,1544
2004-01-11,1533,1584,1514,1543
2004-01-18,1550,1594,1549,1554
2004-01-25,1568,1569,1513,1523
2004-02-01,1538,1617,1502,1549
2004-02-08,1546,1561,1487,1516
2004-02-15,1513,1596,1513,1568
2004-02-22,1569,1632,1546,1588
2004-02-29,1585,1587,1527,1545
2004-03-07,1554,1589,1528,1562
2004-03-14,1544,1579,1530,1556
2004-03-21,1543,1585,1525,1579
2004-03-28,1575,1656,1570,1649
2004-04-04,1647,1684,1617,1653
2004-04-11,1680,1680,1611,1643
2004-04-18,1672,1672,1583,1599
2004-04-25,1592,1614,1563,1588
2004-05-02,1591,1619,1521,1560
2004-05-09,1529,1594,1518,1545
2004-05-16,1553,1564,1477,1511
2004-05-23,1499,1537,1466,1497
2004-05-30,1491,1506,1476,1497
2004-06-06,1495,1524,1449,1473
2004-06-13,1450,1490,1450,1467
2004-06-20,1455,1499,1439,1494
2004-06-27,1499,1512,1475,1506
2004-07-04,1495,1521,1439,1461
2004-07-11,1466,1487,1433,1482
2004-07-18,1470,1474,1425,1434
2004-07-25,1439,1469,1430,1442
2004-08-01,1441,1448,1397,1407
2004-08-08,1415,1439,1398,1426
2004-08-15,1429,1447,1408,1428
2004-08-22,1428,1461,1427,1457
2004-08-29,1463,1517,1453,1497
2004-09-05,1480,1491,1462,1468
2004-09-12,1459,1481,1413,1435
2004-09-19,1440,1450,1412,1443
2004-09-26,1442,1467,1420,1453
2004-10-03,1452,1464,1445,1463
2004-10-10,1471,1479,1440,1472
2004-10-17,1474,1474,1426,1451
2004-10-24,1443,1452,1419,1437
2004-10-31,1451,1469,1429,1449
2004-11-07,1450,1455,1403,1432
2004-11-14,1431,1449,1420,1443
2004-11-21,1436,1459,1427,1448
2004-11-28,1441,1450,1425,1433
2004-12-05,1432,1442,1396,1421
2004-12-12,1417,1422,1362,1380
2004-12-19,1370,1389,1345,1377
2004-12-26,1355,1363,1325,1329
2005-01-02,1315,1331,1294,1313
2005-01-09,1326,1333,1291,1310
2005-01-16,1301,1323,1288,1315
2005-01-23,1316,1337,1310,1331
2005-01-30,1329,1345,1309,1323
2005-02-06,1325,1325,1271,1273
2005-02-13,1282,1310,1276,1306
2005-02-20,1296,1313,1293,1302
2005-02-27,1301,1303,1275,1287
2005-03-06,1278,1300,1265,1279
2005-03-13,1276,1315,1263,1308
2005-03-20,1337,1353,1319,1333
2005-03-27,1352,1362,1320,1349
2005-04-03,1380,1384,1339,1360
2005-04-10,1362,1367,1349,1359
2005-04-17,1345,1377,1342,1358
2005-04-24,1363,1394,1358,1389
2005-05-01,1401,1444,1395,1438
2005-05-08,1438,1439,1359,1366
2005-05-15,1370,1399,1366,1391
2005-05-22,1401,1404,1378,1392
2005-05-29,1383,1402,1375,1385
2005-06-05,1395,1424,1387,1420
2005-06-12,1402,1419,1390,1416
2005-06-19,1435,1461,1423,1457
2005-06-26,1460,1475,1446,1464
2005-07-03,1467,1477,1430,1431
2005-07-10,1439,1468,1426,1441
2005-07-17,1434,1465,1432,1442
2005-07-24,1430,1454,1426,1442
2005-07-31,1446,1456,1424,1441
2005-08-07,1429,1447,1425,1441
2005-08-14,1426,1459,1414,1449
2005-08-21,1460,1466,1430,1454
2005-08-28,1432,1452,1432,1439
2005-09-04,1446,1458,1388,1402
2005-09-11,1398,1429,1391,1418
2005-09-18,1437,1462,1419,1460
2005-09-25,1465,1532,1461,1488
2005-10-02,1503,1537,1484,1516
2005-10-09,1542,1546,1502,1530
2005-10-16,1527,1553,1511,1521
2005-10-23,1522,1545,1492,1518
2005-10-30,1525,1566,1508,1560
2005-11-06,1563,1569,1508,1540
2005-11-13,1556,1614,1552,1612
2005-11-20,1603,1654,1587,1643
2005-11-27,1643,1678,1622,1655
2005-12-04,1634,1673,1626,1662
2005-12-11,1645,1734,1643,1718
2005-12-18,1679,1725,1588,1620
2005-12-25,1612,1640,1589,1625
2006-01-01,1627,1685,1627,1676
2006-01-08,1652,1698,1637,1690
2006-01-15,1681,1756,1668,1749
2006-01-22,1744,1802,1718,1755
2006-01-29,1734,1776,1718,1758
2006-02-05,1764,1824,1760,1803
2006-02-12,1808,1829,1733,1744
2006-02-19,1764,1770,1698,1739
2006-02-26,1742,1780,1740,1777
2006-03-05,1775,1805,1751,1791
2006-03-12,1799,1813,1749,1769
2006-03-19,1774,1795,1733,1753
2006-03-26,1764,1815,1752,1811
2006-04-02,1827,1905,1821,1879
2006-04-09,1886,1959,1882,1925
2006-04-16,1929,1957,1921,1940
2006-04-23,1950,2034,1913,1995
2006-04-30,1978,2013,1928,1996
2006-05-07,2007,2054,1978,2046
2006-05-14,2049,2207,2017,2146
2006-05-21,2182,2212,2019,2042
2006-05-28,2039,2084,1967,2008
2006-06-04,1991,2034,1887,1938
2006-06-11,1955,1979,1895,1905
2006-06-18,1920,1939,1734,1866
2006-06-25,1875,1929,1815,1908
2006-07-02,1898,1964,1869,1959
2006-07-09,1937,2005,1926,1984
2006-07-16,1998,2129,1962,2125
2006-07-23,2160,2180,1918,1932
2006-07-30,1918,1973,1868,1962
2006-08-06,1968,2011,1938,1942
2006-08-13,1937,1982,1894,1914
2006-08-20,1911,1926,1849,1868
2006-08-27,1857,1932,1853,1921
2006-09-03,1924,1942,1879,1933
2006-09-10,1928,1989,1904,1917
2006-09-17,1905,1909,1780,1802
2006-09-24,1813,1838,1781,1826
2006-10-01,1832,1901,1815,1872
2006-10-08,1859,1875,1734,1781
2006-10-15,1784,1832,1772,1829
2006-10-22,1840,1851,1799,1817
2006-10-29,1827,1829,1772,1821
2006-11-05,1828,1903,1810,1898
2006-11-12,1887,1895,1832,1867
2006-11-19,1874,1887,1824,1846
2006-11-26,1841,1876,1837,1870
2006-12-03,1859,1867,1829,1848
2006-12-10,1848,1853,1791,1802
2006-12-17,1801,1819,1776,1779
2006-12-24,1788,1806,1778,1802
2006-12-31,1812,1851,1809,1845
2007-01-07,1831,1873,1799,1812
2007-01-14,1805,1880,1795,1876
2007-01-21,1872,1904,1862,1886
2007-01-28,1886,1975,1875,1956
2007-02-04,1968,1984,1931,1945
2007-02-11,1939,2001,1930,1998
2007-02-18,2017,2018,1967,1982
2007-02-25,1978,2026,1941,2008
2007-03-04,2020,2035,1894,1902
2007-03-11,1917,1943,1882,1914
2007-03-18,1908,1922,1872,1907
2007-03-25,1900,1931,1894,1910
2007-04-01,1908,1947,1902,1914
2007-04-08,1915,1941,1892,1924
2007-04-15,1922,1941,1908,1937
2007-04-22,1934,1945,1900,1926
2007-04-29,1931,1933,1857,1883
2007-05-06,1887,1899,1844,1890
2007-05-13,1894,1911,1845,1863
2007-05-20,1867,1888,1835,1851
2007-05-27,1861,1884,1843,1854
2007-06-03,1851,1899,1849,1897
2007-06-10,1892,1909,1847,1856
2007-06-17,1863,1882,1845,1860
2007-06-24,1861,1870,1828,1836
2007-07-01,1840,1841,1796,1810
2007-07-08,1791,1819,1777,1801
2007-07-15,1808,1826,1800,1814
2007-07-22,1812,1867,1801,1860
2007-07-29,1861,1887,1829,1838
2007-08-05,1833,1851,1826,1850
2007-08-12,1854,1862,1813,1851
2007-08-19,1861,1907,1832,1864
2007-08-26,1869,1882,1846,1877
2007-09-02,1874,1892,1852,1887
2007-09-09,1882,1960,1879,1944
2007-09-16,1929,1953,1913,1929
2007-09-23,1929,1974,1927,1954
2007-09-30,1950,1975,1928,1973
2007-10-07,1966,1989,1921,1970
2007-10-14,1975,1979,1932,1967
2007-10-21,1955,2010,1948,1981
2007-10-28,1978,1982,1923,1971
2007-11-04,1983,2031,1948,2023
2007-11-11,2025,2099,2012,2067
2007-11-18,2076,2081,1956,1975
2007-11-25,1983,2051,1918,2044
2007-12-02,2050,2078,1914,1927
2007-12-09,1934,1974,1912,1940
2007-12-16,1928,2007,1925,1980
2007-12-23,2004,2045,1980,2043
2007-12-30,2040,2081,2017,2053
2008-01-06,2061,2126,2031,2098
2008-01-13,2122,2188,2092,2167
2008-01-20,2153,2211,2139,2184
2008-01-27,2226,2272,2105,2239
2008-02-03,2237,2290,2188,2191
2008-02-10,2188,2291,2148,2287
2008-02-17,2298,2309,2187,2201
2008-02-24,2203,2300,2195,2270
2008-03-02,2256,2268,2198,2244
2008-03-09,2264,2296,2217,2252
2008-03-16,2265,2276,2218.2,2259.7
2008-03-23,2305.8,2315.1,2065.8,2115.3
2008-03-30,2100.3,2131.2,2064.3,2070
2008-04-06,2080.5,2094.3,1962.2,1999
2008-04-13,2026.4,2045.8,1984.4,2001.6
2008-04-20,2004,2044.4,1967.7,1992.3
2008-04-27,1987.1,1992.5,1927.2,1955
2008-05-04,1955.8,1969.5,1917.3,1920.3
2008-05-11,1920.5,1958.4,1911.6,1922.9
2008-05-18,1946.6,1967.4,1882.1,1949.6
2008-05-25,1963.2,2010.5,1960.2,1993.5
2008-06-01,2003.3,2004.1,1899.4,1919.4
2008-06-08,1919.3,1952.5,1888.7,1932.1
2008-06-15,1940.9,1951.4,1886.7,1914.9
2008-06-22,1915.7,1973.7,1906.2,1944.1
2008-06-29,1947,1979.6,1881.1,1973.9
2008-07-06,1971.2,2010.7,1956.2,1968.8
2008-07-13,1959.2,1984.5,1906.5,1963.9
2008-07-20,1977.3,2007.8,1933,1939.7
2008-07-27,1945.7,1985.5,1876.7,1892.8
2008-08-03,1895.6,1910,1843.9,1877.9
2008-08-10,1882.3,1883.6,1823.8,1860
2008-08-17,1882.1,1887,1770.8,1810.1
2008-08-24,1803.2,1864.3,1776.3,1846.2
2008-08-31,1842.6,1911.9,1827.2,1889.6
2008-09-07,1889.9,1966.1,1828.3,1933.7
2008-09-14,1936.7,1996.7,1767.6,1776.8
2008-09-21,1821.4,2083,1804.7,1958.5
2008-09-28,1961.9,2089.2,1958,2039.3
2008-10-05,2031.8,2155.8,2029.7,2039.9
2008-10-12,2094.5,2460.7,2083,2291
2008-10-19,2249.4,2265.5,2032.4,2059.2
2008-10-26,2116.5,2226.6,2084.1,2194.5
2008-11-02,2215.7,2288.6,1967.5,1988
2008-11-09,2010.2,2142.4,1986.3,2095.3
2008-11-16,2115.9,2212.1,2101.7,2167.9
2008-11-23,2190.1,2475.6,2170.4,2457.9
2008-11-30,2416.2,2511.3,2346.4,2431.7
2008-12-07,2417.7,2459.8,2280.6,2302.1
2008-12-14,2312.3,2508.9,2298.1,2421.5
2008-12-21,2419.9,2526.2,2405.2,2491
2008-12-28,2474.6,2509,2430,2446.7
2009-01-04,2528.9,2609.2,2512.7,2567
2009-01-11,2596.8,2632.5,2449.9,2566.2
2009-01-18,2552.9,2708.2,2484.5,2708.2
2009-01-25,2679.9,3087.5,2674.5,3055.6
2009-02-01,3047.9,3224.4,2892.4,3211.1
2009-02-08,3165.5,3359.9,3113.9,3212
2009-02-15,3186.3,3454.6,3012.3,3372.2
2009-02-22,3415.8,3804.3,3409.4,3735.9
2009-03-01,3605.3,3667.4,3391.9,3439.5
2009-03-08,3553.7,3639.1,3359.6,3494.6
2009-03-15,3449.4,3547.2,3169.6,3223.1
2009-03-22,3199.7,3298.5,3081.8,3224.8
2009-03-29,3192.2,3251.8,3066.3,3221.8
2009-04-05,3265.5,3355.4,2923.7,2968.2
2009-04-12,2870.3,3041.8,2858.9,2899.6
2009-04-19,2914.3,2970.4,2833,2867
2009-04-26,2873,3139.6,2871.6,3066.1
2009-05-03,3128.5,3193.8,2918,2977
2009-05-10,2926.9,3019.8,2917.5,2918.9
2009-05-17,2915.9,3079.8,2903.5,3072.3
2009-05-24,3086,3106.4,2943.9,3008.4
2009-05-31,2993.4,3143.3,2980.4,3114
2009-06-07,3133.4,3141.9,3050.6,3117.2
2009-06-14,3106,3131.3,2983.4,2988.1
2009-06-21,2997,3074.8,2997,3008.2
2009-06-28,3026.2,3049.1,2963.2,3003.2
2009-07-05,3007.7,3019.5,2876.6,2893.3
2009-07-12,2896,2937.3,2832.2,2857.2
2009-07-19,2859.5,2889.3,2814,2872.3
2009-07-26,2881.7,2883.5,2796.6,2808.4
2009-08-02,2806.5,2807.4,2737.9,2764.9
2009-08-09,2773.8,2797.9,2701.6,2761
2009-08-16,2755.2,2816.3,2736.6,2755.6
2009-08-23,2785.7,2799,2701.1,2736.3
2009-08-30,2728.3,2748.8,2688.9,2727.9
2009-09-06,2733.8,2876.9,2703.4,2843.8
2009-09-13,2846.3,2888,2800.7,2871.3
2009-09-20,2879.2,2913.2,2825.4,2831.7
2009-09-27,2822.7,2883.6,2819,2836.4
2009-10-04,2859,2954.1,2832.7,2901.5
2009-10-11,2892.9,3050.8,2882.4,3045.3
2009-10-18,3026.3,3060.2,2942.5,2973.4
2009-10-25,2970.7,2974.1,2922,2930.7
2009-11-01,2924.2,3003.6,2917,2999.9
2009-11-08,3011.8,3164.2,3007.6,3128.3
2009-11-15,3130.7,3131.9,3047,3062.3
2009-11-22,3086.3,3194.3,3079.1,3194.3
2009-11-29,3220.3,3295.9,3197.6,3248.2
2009-12-06,3224.7,3311.1,3180.6,3200.3
2009-12-13,3144.1,3230.8,3124.7,3173.4
2009-12-20,3176.3,3303.8,3160.7,3269.4
2009-12-27,3254.4,3262.7,3153.8,3187.4
2010-01-03,3200.4,3213.9,3131,3139.9
2010-01-10,3164.6,3254.6,3149.2,3197.5
2010-01-17,3225.4,3253.3,3133.2,3181.4
2010-01-24,3186.3,3215.3,3138.2,3139.3
2010-01-31,3179.1,3202.2,3115.8,3142.2
2010-02-07,3143.8,3222.8,3107.7,3165.1
2010-02-14,3202.6,3221.6,3149.4,3217
2010-02-21,3219.8,3309.9,3217.7,3297.1
2010-02-28,3268.1,3284.8,3211.4,3224.3
2010-03-07,3243.5,3273.6,3221.3,3232.3
2010-03-14,3208.6,3223.4,3102.8,3110.9
2010-03-21,3125.9,3222.7,3116.5,3178.1
2010-03-28,3187,3218.6,3151.3,3217.4
2010-04-04,3210.3,3214.4,3162.9,3186.5
2010-04-11,3195.5,3359.1,3193.7,3334.8
2010-04-18,3314,3321.7,3254.1,3264.5
2010-04-25,3278.6,3361.1,3258.5,3347
2010-05-02,3357.4,3514.7,3341.4,3479.8
2010-05-09,3478,4015.1,3472.7,3937.7
2010-05-16,3744.5,4033.3,3611.8,3948.1
2010-05-23,4067.5,4086.2,3842.5,3865.3
2010-05-30,3882.9,4094.8,3871.8,3995.9
2010-06-06,4018.5,4248.5,3994.6,4222
2010-06-13,4275.1,4370.8,4093.4,4171
2010-06-20,4123.2,4145.8,4023.8,4121.6
2010-06-27,4076.7,4204.9,4051.2,4180
2010-07-04,4163.6,4258.7,3948.6,3998.8
2010-07-11,3992.3,3993.6,3819.4,3890.7
2010-07-18,3909.3,3925,3742,3778.2
2010-07-25,3828.4,3842.5,3733.7,3755.5
2010-08-01,3740.1,3740.5,3533.4,3617.4
2010-08-08,3612.1,3646.7,3546.2,3620.7
2010-08-15,3623.4,3817.4,3591,3788.3
2010-08-22,3816.4,3856.8,3718.4,3835.1
2010-08-29,3842.5,3933,3825.9,3844.1
2010-09-05,3842.4,3925.8,3785.2,3811.5
2010-09-12,3808.8,3924.8,3787.9,3849.7
2010-09-19,3825.6,3883.2,3790.4,3869.1
2010-09-26,3871.3,3880.3,3790.9,3800.5
2010-10-03,3810.4,3844.9,3764.1,3765.6
2010-10-10,3769,3866.1,3766.4,3824.2
2010-10-17,3840.6,3872.4,3793.9,3814.9
2010-10-24,3831.6,3866.1,3751.9,3765.4
2010-10-31,3777.7,3884,3743.9,3862.7
2010-11-07,3871.4,3895.5,3724.9,3888.3
2010-11-14,3904.4,4051,3888.1,3937.7
2010-11-21,3933.8,3966.1,3864.1,3904.2
2010-11-28,3890.6,4183.2,3873,4136.8
2010-12-05,4136.7,4338.6,4129.1,4187.3
2010-12-12,4223.5,4298.5,4185,4218
2010-12-19,4240.4,4249.7,4102.3,4153
2010-12-26,4188.6,4232.9,4158.1,4164.5
2011-01-02,4167.6,4281.2,4160.5,4194.3
2011-01-09,4222.2,4231.2,4014,4103.8
2011-01-16,4139.5,4163,3921.3,3940.5
2011-01-23,3958.5,3978.3,3823.3,3832.1
2011-01-30,3849.5,3907.6,3737.6,3889.9
2011-02-06,3867.6,3893.4,3746.7,3859.3
2011-02-13,3834,3964.3,3809.3,3933.7
2011-02-20,3923.5,4012.5,3920.8,3978.1
2011-02-27,3998,4121.1,3992.1,4070.2
2011-03-06,4081.2,4147.9,4033.1,4063.9
2011-03-13,4090.8,4145.2,4046.5,4103.4
2011-03-20,4108.1,4144.7,4033.3,4073.5
2011-03-27,4080,4125.8,4026.8,4072.8
2011-04-03,4070.3,4099.4,3994.2,4035.3
2011-04-10,4037.5,4087,4018.9,4039.7
2011-04-17,4038.3,4071.3,3967.7,4064.2
2011-04-24,4083.5,4211,4066.3,4080.1
2011-05-01,4113.2,4119.8,4028.9,4109.1
2011-05-08,4141.8,4154.7,3985.6,4066.9
2011-05-15,4126.4,4171.8,4091,4166.6
2011-05-22,4164.3,4196.7,4085.6,4179.8
2011-05-29,4219.5,4319.1,4219.5,4277.2
2011-06-05,4272.8,4289.6,4164.5,4169.9
2011-06-12,4183.6,4214,4126.5,4204.4
2011-06-19,4195.2,4332.8,4120.6,4272.2
2011-06-26,4304.1,4334.5,4229.6,4233.9
2011-07-03,4243.3,4243.3,4032.3,4036.7
2011-07-10,4045.8,4292.6,4044.8,4272.7
2011-07-17,4303.9,4546.7,4297.3,4516.7
2011-07-24,4566.3,4625.5,4369.7,4438.1
2011-07-31,4485,4565,4426.5,4517.1
2011-08-07,4468.6,4797.4,4448.5,4688.4
2011-08-14,4839.2,5313.2,4768.6,5065.6
2011-08-21,5064.9,5506.5,4964.7,5382
2011-08-28,5480.8,5525.5,4901,5132.5
2011-09-04,5200.3,5547.9,5075.6,5531.2
2011-09-11,5571.3,5913.9,5384,5836.1
2011-09-18,5881.2,5900.6,5504.6,5645.7
2011-09-25,5770,5871.4,5346,5362.2
2011-10-02,5153.7,5444.4,5075.6,5355.4
2011-10-09,5441.8,5586.7,5275.8,5333
2011-10-16,5344.3,5348.8,5163.4,5211.8
2011-10-23,5214,5294.2,5099.5,5187.5
2011-10-30,5175.1,5469,5155.7,5332
2011-11-06,5289.4,5610.2,5268.3,5565.4
2011-11-13,5613.7,5812.4,5602.1,5700.1
2011-11-20,5687.9,5839,5594.1,5629.3
2011-11-27,5635.9,5789.7,5522.3,5772.1
2011-12-04,5810.4,5887.7,5757.2,5855.5
2011-12-11,5843.9,5846.4,5676.8,5777.6
2011-12-18,5707.3,5798.2,5435.5,5521.6
2011-12-25,5520.9,5540.1,5442.1,5459.5
2012-01-01,5409,5432.7,5218.4,5430.2
2012-01-08,5459.8,5735.7,5427,5716.1
2012-01-15,5692.1,5791.9,5620.9,5691.1
2012-01-22,5716.4,5744.7,5494.9,5552.5
2012-01-29,5577.9,5589.2,5456.7,5562.5
2012-02-05,5578.1,5645.2,5517.9,5520.7
2012-02-12,5539.7,5543.5,5440,5513.1
2012-02-19,5485.6,5608.3,5438.6,5482.3
2012-02-26,5471,5612.9,5442.3,5489.2
2012-03-04,5492.8,5539.4,5259.7,5325.2
2012-03-11,5335.4,5358.2,5227.5,5338.4
2012-03-18,5329.8,5352.3,5170.6,5183.8
2012-03-25,5212.7,5230.4,5125.4,5210
2012-04-01,5216.5,5277.9,5159.3,5177.2
2012-04-08,5182.5,5250.9,5107.4,5182.1
2012-04-15,5241.2,5348.6,5223.1,5332
2012-04-22,5306.2,5322.7,5202.6,5207
2012-04-29,5210.4,5258.2,5156.4,5234
2012-05-06,5225.5,5265,5169.3,5257.7
2012-05-13,5301.8,5305.3,5126.4,5197.3
2012-05-20,5213.3,5471.8,5199.9,5422
2012-05-27,5424.4,5468.5,5319.2,5458.9
2012-06-03,5447.8,5761.8,5406.8,5750.8
2012-06-10,5761.65,5765.14,5352.4,5459.44
2012-06-17,5387.69,5619.07,5384.5,5482.93
2012-06-24,5391.25,5542.51,5274.34,5317.07
2012-07-01,5358.62,5410.03,5278.84,5320.81
2012-07-08,5326.84,5501.46,5304.71,5456
2012-07-15,5476.79,5478.86,5337.24,5457.11
2012-07-22,5441.06,5457.43,5329.73,5415.96
2012-07-29,5440.55,5544.19,5384.93,5395.69
2012-08-05,5436.13,5464.93,5251.4,5265.76
2012-08-12,5276.74,5401.66,5226.88,5372.17
2012-08-19,5382.92,5392.66,5270.31,5330.91
2012-08-26,5339.9,5480.21,5307.63,5448.46
2012-09-02,5473.87,5586.81,5422.7,5573.57
2012-09-09,5610.58,5695.89,5491.21,5568.56
2012-09-16,5566.83,5582.92,5447.43,5488.74
2012-09-23,5492.29,5683,5484.85,5642.04
2012-09-30,5631.74,5707.42,5614.06,5657.28
2012-10-07,5663.86,5673.56,5536.75,5549.83
2012-10-14,5546.6,5631.11,5540.4,5569.09
2012-10-21,5540.28,5544.13,5407.93,5425.78
2012-10-28,5424.71,5507.84,5402.81,5472.76
2012-11-04,5487.83,5510,5355.25,5367.29
2012-11-11,5374.95,5684.73,5373.79,5656.25
2012-11-18,5660.45,5705.08,5543.88,5600.83
2012-11-25,5600.31,5617.9,5508.06,5545.03
2012-12-02,5548.21,5556.02,5400.73,5404.88
2012-12-09,5408.03,5452.39,5314.66,5422.08
2012-12-16,5454.31,5470.75,5249.49,5254.13
2012-12-23,5243.53,5289.57,5018.87,5136.3
2012-12-30,5136.11,5178.64,5061.64,5102.8
2013-01-06,5139.71,5249.95,5113.68,5190.57
2013-01-13,5234.49,5241.08,5091.48,5095.08
2013-01-20,5124.02,5287.02,5122.25,5265.29
2013-01-27,5268.08,5321.99,5125.34,5140.63
2013-02-03,5150.75,5210.94,5076.15,5091.12
2013-02-10,5106.09,5254.18,5061.43,5174.62
2013-02-17,5168.52,5172.32,4997.27,5035.9
2013-02-24,5058.95,5079.76,4904.64,4958.36
2013-03-03,4994.9,5164.77,4930.93,4981.44
2013-03-10,5021.58,5055.75,4952.33,5016.91
2013-03-17,5024.53,5107.38,5007.96,5046
2013-03-24,5141.83,5245.79,5125.58,5160.3
2013-03-31,5143.01,5266.13,5103.13,5191.52
2013-04-07,5203.27,5212.75,4989.97,5028.53
2013-04-14,5047.26,5056.83,4675.39,4708.02
2013-04-21,4568.54,4590.29,4250.29,4385.71
2013-04-28,4456.74,4729.09,4445.1,4634.56
2013-05-05,4678.15,4695.49,4542.97,4630.54
2013-05-12,4660.71,4674.97,4538.56,4576.52
2013-05-19,4584.55,4619.71,4422.15,4446.45
2013-05-26,4367.28,4555.01,4361.43,4504.57
2013-06-02,4515.01,4671.09,4443.28,4596.64
2013-06-09,4583.12,4611.42,4404.27,4429.95
2013-06-16,4446.13,4480.77,4351.82,4415.92
2013-06-23,4417.98,4418.46,4202.77,4290.94
2013-06-30,4250.01,4274.83,3943.81,4075.5
2013-07-07,4132.82,4210.12,4050.53,4080.82
2013-07-14,4096.75,4290.79,4094.11,4193.3
2013-07-21,4235.43,4238,4120.44,4168.41
2013-07-28,4249.19,4280.02,4187.73,4202.92
2013-08-04,4223.66,4263.11,4130.21,4181.77
2013-08-11,4191.16,4196.44,4040.92,4121.18
2013-08-18,4185.43,4346.71,4164.53,4341.62
2013-08-25,4378.38,4412.15,4296,4401.02
2013-09-01,4405.85,4598.28,4394.65,4517.17
2013-09-08,4505.88,4576.03,4445.7,4510.59
2013-09-15,4505.07,4508.42,4132.86,4152.32
2013-09-22,4169.07,4270.31,4073.91,4142.12
2013-09-29,4148.1,4191.72,4097.51,4169.97
2013-10-06,4196.43,4200.2,3983.54,4060.02
2013-10-13,4066.34,4103.35,3902.42,3922.7
2013-10-20,3931.65,4041.89,3876.37,4004.27
2013-10-27,4015,4103.89,4003.56,4088.8
2013-11-03,4081.98,4126.57,4048.42,4093.54
2013-11-10,4079.82,4123.11,4019.11,4029.41
2013-11-17,4025.72,4038.94,3951.72,3995.6
2013-11-24,3993.35,3997.76,3843.26,3847.11
2013-12-01,3839.03,3888.14,3799.6,3877.83
2013-12-08,3854.76,3861.23,3729.06,3751.38
2013-12-15,3746.72,3843.81,3716.33,3762.5
2013-12-22,3754.61,3796.27,3609.51,3651.29
2013-12-29,3654.43,3676.35,3619.15,3661.45
2014-01-05,3655.07,3800.1,3557.7,3794.7
2014-01-12,3778.79,3821.01,3718.64,3785.39
2014-01-19,3783.75,3857.06,3756.77,3856.38
2014-01-26,3871.3,3907.3,3780.57,3890.28
2014-02-02,3906.71,3948.6,3829.58,3920.34
2014-02-09,3919.38,3970.4,3849.28,3876.74
2014-02-16,3875.79,4001.3,3872.79,3987.49
2014-02-23,4001.4,4024.18,3956.28,3997.41
2014-03-02,3998.69,4088.72,3967.52,3984.24
2014-03-09,4064.74,4158.45,4017.91,4057.67
2014-03-16,4042.13,4238.19,4015.56,4190.28
2014-03-23,4214.01,4214.67,4024.27,4055.21
2014-03-30,4048.48,4056.38,3895.77,3917.74
2014-04-06,3923.58,3966.77,3859.06,3958.54
2014-04-13,3952.3,3987.26,3926.51,3965.78
2014-04-20,4009.25,4023.01,3901.61,3915.96
2014-04-27,3907.36,3964.99,3844.4,3961.47
2014-05-04,3962.27,3972.01,3873.24,3933.02
2014-05-11,3936.42,3986.45,3853.18,3916.12
2014-05-18,3892.44,3995.13,3888.41,3952.87
2014-05-25,3943.57,3982.1,3922.61,3936.49
2014-06-01,3933.26,3945.79,3768.67,3791.73
2014-06-08,3786.64,3822.17,3750.16,3757.13
2014-06-15,3755.47,3885.32,3751.77,3879.65
2014-06-22,3900.47,4052.84,3842.07,4028.5
2014-06-29,4024.49,4042.97,3970.9,4004.97
2014-07-06,3999.7,4046.62,3983.47,4025.43
2014-07-13,4019.68,4089.94,3983.61,4065.4
2014-07-20,4068.36,4070.76,3938.18,4017.09
2014-07-27,4015.88,4045.9,3956.44,4030.95
2014-08-03,4025.39,4054.09,3993.16,4028.76
2014-08-10,4026.06,4170.54,3997.84,4102.7
2014-08-17,4096.56,4146.43,4035.09,4090.94
2014-08-24,4079.99,4087.47,4013.79,4046.93
2014-08-31,4047.85,4146.86,4036.09,4119.88
2014-09-07,4117.8,4134.96,4018.03,4088.85
2014-09-14,4083.77,4101.96,3982.18,3991.79
2014-09-21,3976.12,4022.12,3949.99,3964.64
2014-09-28,3957.31,4036.51,3929.78,4012.14
2014-10-05,4010.22,4037.31,3982.9,3989.65
2014-10-12,3973.66,4064.6,3954.92,4061.24
2014-10-19,4072.23,4133.98,4043.66,4087.37
2014-10-26,4090.22,4170.7,4079.46,4091.8
2014-11-02,4077.38,4101.19,3896.14,3954.47
2014-11-09,3935.58,3989.22,3851.55,3984.68
2014-11-16,3962.35,4025.52,3889.1,4018.42
2014-11-23,3988.98,4084.52,3951.69,4069.35
2014-11-30,4073.21,4078.34,3919.17,3931.2
2014-12-07,3868.35,4092.75,3853.21,4029.95
2014-12-14,4022.18,4152.37,4018.09,4100.98
2014-12-21,4106.32,4178.99,3999.79,4166.93
2014-12-28,4160.86,4322.34,4078.34,4292.12
2015-01-04,4280.74,4297,4168.94,4253.03
2015-01-11,4259.15,4436,4258.3,4398.78
2015-01-18,4399.68,4799.6,4396.63,4743.74
2015-01-25,4765.96,4926.66,4725.96,4848.18
2015-02-01,4871.68,4888.66,4665.54,4753.71
2015-02-08,4738.14,4749.59,4508.3,4536.62
2015-02-15,4538.74,4613.46,4457.4,4508.85
2015-02-22,4507.61,4546.77,4375.64,4396.54
2015-03-01,4412.1,4511.18,4376.67,4489.07
2015-03-08,4512.57,4538.07,4427.18,4434.86
2015-03-15,4459.39,4580.46,4412.57,4573.65
2015-03-22,4571.05,4587.73,4399.87,4516.35
2015-03-29,4538.55,4552.42,4441.25,4512.56
2015-04-05,4512.83,4551.57,4467,4500.1
2015-04-12,4491.97,4591.38,4440.29,4586.8
2015-04-19,4577.17,4589.23,4466.6,4485.45
2015-04-26,4494.49,4509.76,4361.2,4381.15
2015-05-03,4380.48,4434.83,4215.92,4279.08
2015-05-10,4283.05,4336.91,4219.94,4289.72
2015-05-17,4318.09,4394.61,4298.16,4323.69
2015-05-24,4330.48,4502.34,4322.14,4498.02
2015-05-31,4522.65,4544.67,4444.39,4455.89
2015-06-07,4472.87,4543.58,4306.1,4385.05
2015-06-14,4381.16,4416.51,4328.84,4343.81
2015-06-21,4378.63,4444.76,4327.58,4430.36
2015-06-28,4403.61,4413.02,4329.3,4392.22
2015-07-05,4511.71,4528.84,4364.32,4411.47
2015-07-12,4472.89,4486.19,4317.62,4355.59
2015-07-19,4365.04,4373.09,4278.44,4297.6
2015-07-26,4293.95,4297.79,4042.32,4147.37
2015-08-02,4141.21,4163.05,4055.52,4132.06
2015-08-09,4136.31,4224.33,4100.42,4170.15
2015-08-16,4173.64,4263.75,4166.23,4200.39
2015-08-23,4201.71,4347.79,4190.44,4310.4
2015-08-30,4315.89,4321.91,4152.07,4272.91
2015-09-06,4268.33,4315.6,4232.1,4259.24
2015-09-13,4253.4,4265.69,4089.48,4111.08
2015-09-20,4101.52,4253.8,4097.08,4247
2015-09-27,4236.9,4355.72,4200.13,4327.29
2015-10-04,4327.89,4337.91,4203.83,4313.39
2015-10-11,4313.11,4352.29,4263.23,4300.61
2015-10-18,4292.97,4416.1,4282.74,4389.14
2015-10-25,4389.48,4542.98,4363.12,4496.65
2015-11-01,4489.95,4585.1,4387.1,4411.94
2015-11-08,4396.29,4407.6,4298.82,4324.55
2015-11-15,4334.22,4348.95,4236.36,4268.72
2015-11-22,4310.79,4340.6,4250.59,4292.81
2015-11-29,4291.17,4328.17,4245.32,4268.41
2015-12-06,4267.84,4334.32,4183.81,4313.25
2015-12-13,4297.14,4326.85,4210.93,4279.15
2015-12-20,4268.36,4291.05,4137.08,4193.73
2015-12-27,4183.49,4213.24,4151.81,4167.75
2016-01-03,4161.35,4199.34,4113.29,4166.79
2016-01-10,4179.21,4443.69,4176.71,4411.4
2016-01-17,4418.84,4478.52,4328.6,4464.81
2016-01-24,4483.37,4568.38,4415.38,4533.26
2016-01-31,4538.14,4635.14,4514.78,4560.13
2016-02-07,4560.96,4644.28,4510.39,4638.65
2016-02-14,4622.18,4912.73,4604.14,4839.05
2016-02-21,4827.61,4909.78,4693.8,4826.12
2016-02-28,4814.03,4972.92,4745.72,4888.35
2016-03-06,4889.57,5044.21,4879.46,4954.93
2016-03-13,4972.22,5034.79,4806.2,4812.55
2016-03-20,4813.22,4853.42,4709.99,4747.93
2016-03-27,4749.53,4797.98,4625.15,4647.98
2016-04-03,4646.5,4683.84,4519.52,4571.31
2016-04-10,4550.2,4705.45,4522.12,4670.87
2016-04-17,4672.23,4756.81,4666.72,4698.83
2016-04-24,4693.8,4828.29,4675,4796.27
2016-05-01,4793.36,4957.55,4771.07,4940.15
2016-05-08,4929.65,5028.62,4869.24,5011.32
2016-05-15,4997.41,5006.45,4875.71,4968.34
2016-05-22,4935.49,4972.86,4887.87,4930.84
2016-05-29,4927.48,4964.84,4764.64,4778.21
2016-06-05,4789.79,4813.45,4741.09,4806.43
2016-06-12,4794.01,4962.73,4731.08,4955.3
2016-06-19,4956.25,5262.86,4951.02,5088.88
2016-06-26,5034.98,5594.42,4733.71,5291.97
2016-07-03,5317.25,5426.15,5190.92,5324.32
2016-07-10,5318.96,5533.98,5297.59,5456.69
2016-07-17,5460.29,5491.18,5231.47,5295.8
2016-07-24,5331.22,5340.74,5198.27,5255.74
2016-07-31,5262.04,5308.22,5206.21,5268.54
2016-08-07,5256.98,5290.31,5153.53,5160.09
2016-08-14,5158.42,5185.32,5103.11,5111.17
2016-08-21,5115.18,5140.75,5080.33,5105.69
2016-08-28,5103.07,5125.46,5035.45,5109.86
2016-09-04,5107.35,5197.18,5084.95,5186.72
2016-09-11,5188.06,5211.33,5121.9,5137.34
2016-09-18,5120.08,5159,5036.67,5066.93
2016-09-25,5060.91,5138.51,5040.24,5123.04
2016-10-02,5118.7,5134.7,5025.95,5038.06
2016-10-09,5040.29,5047.4,4764.78,4800.82
2016-10-16,4809.12,4934.71,4807.55,4915.62
2016-10-23,4916.49,5049.58,4911.72,5041.9
2016-10-30,5033.92,5072.35,4999.1,5034.35
2016-11-06,5045.38,5088.27,4998.32,5068.07
2016-11-13,5043.25,5156.49,4963.55,5003.21
2016-11-20,5015.95,5120.52,4963.06,5061.02
2016-11-27,5066.97,5079.53,4910.99,4940.81
2016-12-04,4938.98,4990.41,4887.85,4943.01
2016-12-11,5025.29,5069.93,4826.09,4884.94
2016-12-18,4887.86,4891.61,4784.62,4796
2016-12-25,4804.5,4852.61,4758.12,4772.07
2017-01-01,4781.99,4877.04,4776.55,4817.1
2017-01-08,4848.39,4907.82,4834.85,4847.99
2017-01-15,4852.7,4964.42,4849.68,4937.15
2017-01-22,4940.69,4992.35,4914.23,4933.67
2017-01-29,4937.3,4960.61,4798.27,4826.95
2017-02-05,4824.81,4881.12,4807.69,4869.7
2017-02-12,4866.55,5026.34,4865.26,4982.99
2017-02-19,4982.37,5059.86,4960.88,5045.2
2017-02-26,5035.27,5140.9,5017.75,5132.78
2017-03-05,5141.27,5141.27,4976.85,5002.16
2017-03-12,5002.93,5022.82,4871.82,4890.07
2017-03-19,4894.55,4951.85,4859.43,4903.17
2017-03-26,4908.21,4961.62,4858.58,4908.01
2017-04-02,4905.52,4956.58,4890.7,4946.27
2017-04-09,4967.53,5045.11,4927.44,5004.26
2017-04-16,5001.88,5159.58,4984.47,5146.8
2017-04-23,5148.39,5175.03,5051.74,5125.46
2017-04-30,4970.19,5002.56,4866.85,4919.45
2017-05-07,4868.18,4871.57,4695.09,4702.31
2017-05-14,4671.05,4777.89,4671.05,4737.39
2017-05-21,4729.62,4799.99,4640.89,4698.29
2017-05-28,4712.81,4756.12,4662.73,4746.9
2017-06-04,4740.92,4779.22,4696.59,4739.64
2017-06-11,4749.12,4833.31,4734.9,4740.48
2017-06-18,4733.61,4775.04,4705.53,4714.9
2017-06-25,4715,4784.12,4697.34,4736.66
2017-07-02,4749.38,4749.78,4589.32,4599.81
2017-07-09,4602.02,4605.19,4489.45,4499.01
2017-07-16,4511.85,4548.19,4472.67,4501.97
2017-07-23,4509.93,4592.53,4491.4,4588.36
2017-07-30,4592.75,4602.98,4550.36,4591.82
2017-08-06,4602.27,4608.75,4511.55,4536.31
2017-08-13,4533.2,4705.26,4517.51,4679.99
2017-08-20,4682.1,4737.18,4624.21,4671.34
2017-08-27,4665.3,4695.19,4596.89,4612.8
2017-09-03,4596.29,4755.61,4595.96,4753.36
2017-09-10,4786.64,4795.97,4729.16,4751.13
2017-09-17,4710.83,4791.17,4699.06,4732.25
2017-09-24,4730.61,4730.61,4611.8,4635.53
2017-10-01,4652.18,4748.32,4620.16,4672.83
2017-10-08,4673.81,4692.78,4647.76,4683.79
2017-10-15,4689.98,4720.97,4631.55,4685.89
2017-10-22,4691.36,4705.62,4583.59,4609.65
2017-10-29,4597.64,4664.88,4567.03,4661.75
2017-11-05,4663.12,4666.78,4617.07,4644.05
2017-11-12,4642.87,4705.66,4615.72,4623.48
2017-11-19,4623.15,4653.69,4588.26,4644.25
2017-11-26,4652.36,4672.12,4539.05,4545.57
2017-12-03,4547.59,4597.41,4490.15,4537.8
2017-12-10,4517.92,4531.26,4447.56,4454.07
2017-12-17,4450.13,4507.87,4422.6,4492.83
2017-12-24,4500.96,4514.5,4462.95,4503.63
2017-12-31,4508.47,4547.49,4498.72,4536.04
2018-01-07,4531.23,4567.79,4510.83,4554.73
2018-01-14,4558.28,4625.69,4551.22,4577.61
2018-01-21,4567.81,4590.21,4508.65,4549.8
2018-01-28,4543.09,4563.08,4490.01,4496.3
2018-02-04,4494.91,4515.69,4442.93,4456.57
2018-02-11,4466.54,4530.19,4430.99,4495.83
2018-02-18,4496.26,4546.71,4470.07,4520.8
2018-02-25,4513.22,4519.92,4460.98,4513.55
2018-03-04,4508.82,4538.28,4475.46,4493.8
2018-03-11,4496.02,4530.83,4469.63,4508.8
2018-03-18,4506.04,4519.88,4485.43,4508.91
2018-03-25,4507.36,4618.52,4489.23,4611.56
2018-04-01,4610.12,4621.12,4512.86,4536.23
2018-04-08,4532.34,4614.59,4530,4556.77
2018-04-15,4565.12,4615.87,4520.76,4541.26
2018-04-22,4539.54,4557.62,4495.84,4537.98
2018-04-29,4534.91,4623.08,4526.99,4594
2018-05-06,4593.02,4702.06,4572.47,4667.02
2018-05-13,4677.53,4752.89,4664.42,4710.26
2018-05-20,4704.65,4725.58,4665.59,4722.56
2018-05-27,4717.75,4831.76,4671.55,4811.45
2018-06-03,4797.32,4902.95,4752.48,4775.92
2018-06-10,4770.93,4778.4,4672.51,4721.09
2018-06-17,4722.81,4831.51,4684.08,4725.98
2018-06-24,4718.31,4786.17,4692.63,4710.71
2018-07-01,4705.65,4730.78,4662.52,4691.6
2018-07-08,4687.16,4752.98,4646.53,4651.61
2018-07-15,4656.11,4660.58,4583.27,4583.96
2018-07-22,4584.49,4592.32,4504.18,4533.07
2018-07-29,4545.72,4552.77,4486.48,4496.35
2018-08-05,4492.41,4497.72,4435.97,4469.7
2018-08-12,4466.58,4577.57,4438.64,4562.76
2018-08-19,4578.13,4585.47,4423,4448.32
2018-08-26,4449.35,4483.08,4389.24,4434.47
2018-09-02,4442.48,4458.59,4383,4446.03
2018-09-09,4453.92,4487.67,4430.24,4465.29
2018-09-16,4464.3,4482.94,4415.67,4422.23
2018-09-23,4422.45,4436.9,4361.88,4395.85
2018-09-30,4401.48,4401.61,4322.06,4394.16
2018-10-07,4397.99,4509.82,4363.92,4496.1
2018-10-14,4497.02,4559.63,4436.52,4529.54
2018-10-21,4530.61,4621.43,4526.63,4576.64
2018-10-28,4584.12,4715.66,4556.72,4661.97
2018-11-04,4662.53,4685.26,4636.77,4664.13
2018-11-11,4663.38,4674.78,4570.4,4576.66
2018-11-18,4579.22,4641.46,4547.21,4618.19
2018-11-25,4620.81,4652.21,4597.41,4632.5
2018-12-02,4631.91,4647.27,4599.47,4633.3
2018-12-09,4624.93,4701.74,4620.63,4697.21
2018-12-16,4706.27,4732.36,4675.75,4702.48
2018-12-23,4704.38,4745.09,4673.57,4739.66
2018-12-30,4746.18,4819.31,4735.14,4811.13
2019-01-06,4815.11,4889.63,4788.12,4831.8
2019-01-13,4835.85,4854.45,4800.47,4822.73
2019-01-20,4822.48,4873.92,4817.51,4831.58
2019-01-27,4836.14,4887.37,4815.77,4883
2019-02-03,4892.82,4942.75,4878.69,4934.18
2019-02-10,4930.67,5010.49,4896.19,5008.53
2019-02-17,5003.58,5081.33,4981.72,5068.01
2019-02-24,5066.48,5152.67,5056.43,5085.77
2019-03-03,5085.42,5097.78,4886.72,4889.65
2019-03-10,4894.28,4985.04,4869.14,4979.2
2019-03-17,4964.81,4983.72,4923.21,4943.54
2019-03-24,4943.39,5007.39,4901.93,4996.36
2019-03-31,4995.69,5030.38,4918.29,4959.12
2019-04-07,4951.54,4965.29,4903.21,4940.5
2019-04-14,4943.76,4977.77,4880.83,4886.85
2019-04-21,4889.16,4891.01,4804.66,4861.12
2019-04-28,4857.38,4960.87,4838,4954.39
2019-05-05,4957.36,4957.58,4840.44,4881.16
2019-05-12,4909.6,4951.86,4885.85,4920.68
2019-05-19,4925.08,5015.39,4909.19,4933.13
2019-05-26,4928.29,4972.77,4903.66,4919.95
2019-06-02,4918.89,5010.67,4896.38,5005.02
2019-06-09,5012.37,5095.07,5008.27,5040.93
2019-06-16,5026.26,5124.43,4975.73,5094.27
2019-06-23,5097.2,5306.15,5062.07,5233.56
2019-06-30,5241.86,5363.77,5234.54,5268.37
2019-07-07,5222.12,5402.02,5169.41,5302.39
2019-07-14,5296.5,5404.33,5275.17,5360.36
2019-07-21,5361.53,5478.44,5320.76,5401.72
2019-07-28,5409.14,5482.65,5370.68,5443.02
2019-08-04,5449.52,5632.54,5444.06,5588.6
2019-08-11,5585.56,5832.63,5574.7,5785.66
2019-08-18,5784.38,6017.62,5744.31,5924.22
2019-08-25,5914.72,6009.95,5863.82,6009.95
2019-09-01,6042.03,6152.22,5993.98,6065.03
2019-09-08,6088.05,6148.03,5908.87,5927.43
2019-09-15,5931.51,6036.29,5803.65,5808.55
2019-09-22,5877.11,6023.54,5847.72,6021.97
2019-09-29,6014.61,6116.99,5967.15,5997.09
2019-10-06,5986.2,6000.91,5861.09,5920.26
2019-10-13,5950.33,5973.47,5737.61,5791.48
2019-10-20,5805.32,5844.12,5701.36,5717.58
2019-10-27,5725.28,5848.25,5681.18,5815.22
2019-11-03,5800.7,5823.61,5691.21,5765.97
2019-11-10,5763.41,5794.92,5624.97,5645.28
2019-11-17,5644.41,5739.85,5606.15,5673.71
2019-11-24,5676.94,5743.45,5646.03,5700.76
2019-12-01,5693.99,5741.55,5665.11,5733.4
2019-12-08,5731.26,5739.82,5644.9,5647.3
2019-12-15,5646.26,5716.79,5603.03,5670.2
2019-12-22,5661.49,5690.48,5627.3,5677.32
2019-12-29,5680.77,5810.52,5677.07,5760.64
2020-01-05,5761.79,5933.6,5742.71,5889.87
2020-01-12,5933.89,6132.86,5869.16,5940.45
2020-01-19,5948.44,5968.77,5837.72,5953.02
2020-01-26,5954.48,6085.76,5896.51,6068.68
2020-02-02,6100.93,6173.54,6061.5,6148.14
2020-02-09,6176.26,6176.36,5977.39,6131.36
2020-02-16,6136.39,6209.43,6086.21,6207.39
2020-02-23,6205.7,6524.19,6187.02,6499.94
2020-03-01,6562.71,6708.15,6164.58,6185.57
2020-03-08,6237.85,6454.03,6137.85,6364.76
2020-03-15,6430.14,6466.56,5958.07,6029.13
2020-03-22,6061.32,6404.84,5719.46,6335.93
2020-03-29,6314.73,6991.03,6237.09,6600.44
2020-04-05,6652.48,6884.8,6485.22,6881.69
2020-04-12,6863.35,7084.74,6809.94,7002.82
2020-04-19,7011.94,7248.62,6974.19,7004.05
2020-04-26,6990.95,7320.77,6950.07,7253.25
2020-05-03,7246.04,7246.04,6938.39,7068.63
2020-05-10,7084.84,7248.33,7054.17,7168.37
2020-05-17,7151.37,7400.89,7118.3,7359.73
2020-05-24,7371.22,7452.85,7089.03,7182.74
2020-05-31,7188.36,7191.38,6835.84,6938.28
2020-06-07,6932.1,6955.95,6546.43,6606.17
2020-06-14,6618.76,6885.79,6587.21,6836.4
2020-06-21,6861.85,6964.77,6702.73,6956.47
2020-06-28,6972.28,7052.16,6875.11,7046.3
2020-07-05,7070.14,7116.2,6974.14,7049.98
2020-07-12,7043.74,7190.07,7004.08,7111.08
2020-07-19,7105.61,7165.54,7041.42,7087.43
2020-07-26,7101.75,7239.16,7048.93,7198.07
2020-08-02,7198.73,7413.5,7157.47,7393.02
2020-08-09,7426.77,7729.76,7361.84,7607.22
2020-08-16,7603.98,7656.05,7015.17,7220.76
2020-08-23,7236.94,7430.02,7139.69,7247.09
2020-08-30,7259.19,7323.1,7116.78,7240.96
2020-09-06,7240.83,7331.21,7199.65,7275.52
2020-09-13,7278.13,7358.06,7195.14,7303.42
2020-09-20,7290.55,7402.8,7271.32,7338.52
2020-09-27,7338.24,7376.45,7170.89,7289.24
2020-10-04,7283.14,7423.79,7231.37,7311.11
2020-10-11,7308.44,7312.43,7161.43,7287.03
2020-10-18,7290.14,7449.22,7212.73,7370.58
2020-10-25,7370.6,7446.49,7324.11,7331.43
2020-11-01,7305.96,7476.68,7305.37,7428.69
2020-11-08,7428.36,7513.46,7314.95,7400.84
2020-11-15,7406.02,7433.38,7024.62,7151.1
2020-11-22,7156.43,7185.28,6999.49,7054.96
2020-11-29,7044.69,7063.66,6666.47,6702.82
2020-12-06,6712.57,6812.77,6590.01,6766.27
2020-12-13,6777.82,6914.52,6675.99,6749.49
2020-12-20,6743.19,6948.18,6633.97,6871.49
2020-12-27,6897.83,7029.75,6860.7,6949.09
2021-01-03,6953.3,7126.68,6869.85,7090.9
2021-01-10,7094.02,7240.11,6760.13,6819.65
2021-01-17,6827.56,6957.29,6733.95,6859.89
2021-01-24,6870.91,7012.51,6778.48,6919.01
2021-01-31,6918.44,6981.23,6859.87,6862.7
2021-02-07,6941.44,6976.4,6701.22,6742.95
2021-02-14,6760.03,6853.25,6741.96,6760.56
2021-02-21,6773.79,6775.68,6538.18,6590.51
2021-02-28,6592.14,6726.4,6419.7,6472.18
2021-03-07,6491.91,6573.88,6422.31,6537.74
2021-03-14,6559.3,6661.28,6506.35,6609.37
2021-03-21,6625.84,6771.67,6609.96,6763.62
2021-03-28,6760.3,6860.15,6671.65,6818.96
2021-04-04,6813.6,6841.71,6666.94,6748.68
2021-04-11,6768.94,6776.55,6626.14,6633.8
2021-04-18,6640.36,6772.2,6579.35,6735.74
2021-04-25,6745.91,6822.68,6658.13,6687.09
2021-05-02,6683.29,6748.13,6629.73,6703.11
2021-05-09,6710.06,6938.27,6695.65,6859.31
2021-05-16,6854.87,6921.93,6810.35,6873
2021-05-23,6870.68,6988.95,6863.86,6935.89
2021-05-30,6944.45,7031.42,6864.96,7003.3
2021-06-06,6997.26,7022.37,6825.2,6930.68
2021-06-13,6933.41,6993.16,6886.71,6974.8
2021-06-20,6969.45,6979.91,6747.12,6756.76
2021-06-27,6772.97,6829.81,6711.51,6725.49
2021-07-04,6738.65,6852.07,6648.81,6793.59
2021-07-11,6801.54,6989.93,6787.46,6920.17
2021-07-18,6920.11,7104.6,6876.64,7032.55
2021-07-25,7029.4,7134.12,6931.18,7002.31
2021-08-01,7006.04,7062.88,6970.54,6988.72
2021-08-08,6981.5,6991.33,6831.57,6849.46
2021-08-15,6860.48,6894.28,6508.71,6883.83
2021-08-22,6924.38,7027.42,6864.28,6979.73
2021-08-29,6991.71,7059.23,6931.63,7053.82
2021-09-05,7049.72,7067.17,6871.51,6935.34
2021-09-12,6939.57,6960.71,6822.27,6877.19
2021-09-19,6879.98,6960.08,6803.32,6854.38
2021-09-26,6865.68,7030.74,6828.44,6866.32
2021-10-03,6884.16,7012.91,6841.7,6946.47
2021-10-10,6952.38,7107.43,6863.51,6992.29
2021-10-17,6992.86,7107.13,6945.21,6961.4
2021-10-24,6949.47,7166.01,6940.75,7088.32
2021-10-31,7089.67,7206.72,7035.1,7114.7
2021-11-07,7104.3,7229.27,6962.51,7227.04
2021-11-14,7232.72,7581.53,7200.39,7565.69
2021-11-21,7568.15,7746.73,7511.43,7676.21
2021-11-28,7683,7727.89,7420.52,7453.97
2021-12-05,7465.8,7511.83,7145.49,7251.12
2021-12-12,7256.92,7314.91,7215.46,7278.72
2021-12-19,7281.47,7431.33,7233.42,7403.92
2021-12-26,7417.85,7427.35,7316.74,7386.65
2022-01-02,7385.27,7411.99,7265.53,7380.39
2022-01-09,7385.33,7398.56,7161.6,7184.5
2022-01-16,7187.02,7279.31,7175.59,7218.66
2022-01-23,7222.57,7371.22,7188.17,7317.59
2022-01-30,7318.41,7541.07,7313.54,7357.98
2022-02-06,7366.03,7382.58,7117.69,7208.02
2022-02-13,7194.78,7519.21,7179.63,7495.73
2022-02-20,7501.42,7601.58,7304.31,7591.06
2022-02-27,7604.8,8244.8,7488.95,7788.3
2022-03-06,8083.02,8835.15,7902.94,8810.44
2022-03-13,8879.76,9388.21,8513.93,8691.47
2022-03-20,8693.16,8693.64,8074.04,8192.18
2022-03-27,8199.19,8526.86,8108.55,8349.3
2022-04-03,8363.62,8379.96,7899.01,8062.22
2022-04-10,8093.8,8326.34,8043.92,8277.56
2022-04-17,8280.13,8516.11,8251.67,8460.37
2022-04-24,8450.08,8545.74,8245.51,8332.6
2022-05-01,8299.95,8522.9,8175.08,8403.02
2022-05-08,8415.97,8437.91,8224.79,8403.36
2022-05-15,8402.13,8430.31,8128.2,8162.95
2022-05-22,8153.23,8176.91,7976.6,8083.5
2022-05-29,8087.96,8124,7887.94,7896.03
2022-06-05,7898.68,7996.99,7821.77,7918.44
2022-06-12,7922.14,8238.81,7863.42,8208.29
2022-06-19,8206.44,8320.63,8069.57,8188.48
2022-06-26,8207.84,8257.6,8041.46,8098.37
2022-07-03,8178.86,8236.49,8042.97,8118.93
2022-07-10,8156.98,8330.77,8110.32,8176.67
2022-07-17,8184.97,8420.5,8062.39,8096.21
2022-07-24,8087.94,8134.84,7830.43,8009.73
2022-07-31,8011.57,8268.06,7863.77,8166.69
2022-08-07,8191.53,8302.43,8091.84,8203.87
2022-08-14,8218.14,8274.69,8081.48,8180.4
2022-08-21,8188.37,8306.12,8132.23,8260.67
2022-08-28,8266.16,8419.6,8206.05,8262.77
2022-09-04,8268.88,8302.59,7984.01,8109.03
2022-09-11,8129.75,8214.12,8011.3,8013.31
2022-09-18,7995.05,8073.95,7828.08,7884.46
2022-09-25,7895.57,8137.86,7822.64,8070.45
2022-10-02,8058.31,8316.87,8023.06,8238.11
2022-10-09,8214.68,8559.3,8148.76,8461.09
2022-10-16,8473.08,8489.88,8104.84,8110.89
2022-10-23,8135.79,8222,7887.69,8016.62
2022-10-30,8023.18,8078.41,7770.83,7789.24
2022-11-06,7796.05,7937.91,7756.26,7914.85
2022-11-13,7907.59,8111.38,7792.76,7986.29
2022-11-20,8003.05,8222.01,7950.09,7959.11
2022-11-27,7968.41,8029.22,7877.95,7909.63
2022-12-04,7933.35,8067.05,7834.83,7984.13
2022-12-11,7974.65,8034.16,7904.81,7992.28
2022-12-18,8003.68,8045.15,7783.84,7929.32
2022-12-25,7935.89,8012.53,7831.07,7861.29
2023-01-01,7862.13,8076.11,7858.5,7987.4
2023-01-08,7983.42,8281.45,7969.57,8221.19
2023-01-15,8231.82,8332.32,8124.51,8324.39
2023-01-22,8319.67,8427.23,8257.28,8355
2023-01-29,8344.67,8421.43,8286.08,8348.45
2023-02-05,8358.08,8385.09,8096.61,8152.17
2023-02-12,8128.37,8366.17,8120.84,8341.17
2023-02-19,8331.84,8357.77,8126.75,8192.33
2023-02-26,8205.78,8223.72,8091.97,8103.73
2023-03-05,8105.08,8218.96,8021.72,8213.33
2023-03-12,8218.59,8225.4,8035.18,8225.4
2023-03-19,8248.76,8771.81,8157.25,8771.81
2023-03-26,8715.84,8887.02,8416.48,8618.53
2023-04-02,8611.51,8618.56,8420.44,8502.54
2023-04-09,8499.69,8700.57,8446.83,8616.25
2023-04-16,8624.85,8634.8,8407.81,8469.77
2023-04-23,8462.23,8502.91,8291.47,8322.2
2023-04-30,8317.73,8399.3,8228.86,8279.32
2023-05-07,8282.5,8611.84,8251.22,8373.61
2023-05-14,8371.22,8477.93,8322.65,8374.35
2023-05-21,8362.27,8399.05,8185.4,8303.37
2023-05-28,8312.99,8325.78,8138.17,8225.02
2023-06-04,8197.98,8390.71,8166.66,8169.92
2023-06-11,8171.29,8263.67,8071.88,8098.61
2023-06-18,8105.88,8157.32,7938.98,7984.27
2023-06-25,7989.69,8005.23,7720.45,7821.34
2023-07-02,7846.42,7874.73,7744.58,7805.64
2023-07-09,7808.53,7935.13,7776.34,7816.77
2023-07-16,7824.71,7861.86,7741.67,7754.89
2023-07-23,7754.58,7892.76,7710.78,7870.64
2023-07-30,7868.64,7911.6,7796.35,7840.55
2023-08-06,7846.62,7932.16,7793.15,7820.03
2023-08-13,7835.39,7877.32,7719.51,7750
2023-08-20,7755.08,7836.91,7735.62,7749.79
2023-08-27,7751.94,7958.1,7731.27,7919.45
2023-09-03,7923.44,8047.98,7904.39,8045.62
2023-09-10,8039.25,8319.21,8008.97,8283.85
2023-09-17,8273.65,8412.5,8201.12,8378.66
2023-09-24,8369.05,8449.77,8282.83,8325.97
2023-10-01,8330.52,8357.6,8072.14,8073.7
2023-10-08,8075.88,8095.52,7904.38,7905.92
2023-10-15,8010.14,8316.79,7946.44,8313.69
2023-10-22,8195.55,8407.19,8026.21,8341.4
2023-10-29,8303.53,8493.35,8209.94,8479.64
2023-11-05,8460.25,8486.06,8247.32,8278.13
2023-11-12,8278.79,8281.82,8014.26,8022.15
2023-11-19,8030.23,8068.6,7904.39,7962.97
2023-11-26,7955.82,8063.84,7844.52,7991.95
2023-12-03,7989.42,8234.02,7973.93,8228.99
2023-12-10,8247.85,8535.26,8040.35,8071.36
2023-12-17,8063.59,8084.48,7921.5,8029.1
